Date,Majestic_PM10,Majestic_NO,Majestic_NO2,Majestic_CO,Peenya_PM25,Peenya_NO,Peenya_NO2,Peenya_CO,temp_mean,wind_speed,Year,Annual_Vehicle_Total,Vehicle_Total_Scaled,T,BS4_P,BS4_TP,Metro_P,Metro_TP
2016-01-01,105.77,42.87,74.64,1.2,57.06,5.0,32.34,42.54,18.64,3.1,2016,7395314.0,-0.5768892883543146,0,0,0,0,0
2016-01-02,97.4,76.86,106.9,1.41,93.97,6.17,58.82,42.54,18.66,2.45,2016,7395314.0,-0.5768892883543146,1,0,0,0,0
2016-01-03,105.95,73.48,111.38,1.57,62.91,4.04,15.13,42.54,18.55,2.36,2016,7395314.0,-0.5768892883543146,2,0,0,0,0
2016-01-04,100.21,52.75,98.32,1.55,58.4,2.77,21.68,31.12,18.79,2.59,2016,7395314.0,-0.5768892883543146,3,0,0,0,0
2016-01-05,103.88,58.99,99.67,1.57,26.08,2.79,20.92,30.08,18.47,2.08,2016,7395314.0,-0.5768892883543146,4,0,0,0,0
2016-01-06,83.39,68.62,89.37,1.3,17.59,6.39,55.57,5.1,19.44,1.68,2016,7395314.0,-0.5768892883543146,5,0,0,0,0
2016-01-07,74.04,82.63,55.27,0.77,34.84,2.29,17.19,0.3,19.53,2.13,2016,7395314.0,-0.5768892883543146,6,0,0,0,0
2016-01-08,63.57,115.01,59.65,0.68,17.16,52.04,54.92,5.26,19.18,2.05,2016,7395314.0,-0.5768892883543146,7,0,0,0,0
2016-01-09,73.78,122.17,80.6,0.76,34.45,3.14,2.62,10.22,19.34,2.18,2016,7395314.0,-0.5768892883543146,8,0,0,0,0
2016-01-10,61.74,92.56,72.85,0.66,63.33,3.41,15.95,15.18,19.11,1.85,2016,7395314.0,-0.5768892883543146,9,0,0,0,0
2016-01-11,50.76,113.25,60.56,0.59,26.97,2.87,20.82,20.14,19.1,2.13,2016,7395314.0,-0.5768892883543146,10,0,0,0,0
2016-01-12,52.535714285714285,111.45285714285714,64.22571428571429,0.6714285714285714,48.19,4.18,21.0,25.099999999999998,19.43,1.91,2016,7395314.0,-0.5768892883543146,11,0,0,0,0
2016-01-13,54.31142857142857,109.65571428571428,67.89142857142858,0.7528571428571428,85.82,3.74,39.15,30.06,19.15,1.6,2016,7395314.0,-0.5768892883543146,12,0,0,0,0
2016-01-14,56.08714285714286,107.85857142857142,71.55714285714286,0.8342857142857143,99.83,18.16,54.35,34.2,19.41,1.87,2016,7395314.0,-0.5768892883543146,13,0,0,0,0
2016-01-15,57.86285714285714,106.06142857142858,75.22285714285715,0.9157142857142857,111.19,12.04,49.385000000000005,32.43714285714286,20.11,2.05,2016,7395314.0,-0.5768892883543146,14,0,0,0,0
2016-01-16,59.638571428571424,104.26428571428572,78.88857142857142,0.9971428571428571,122.55,5.92,44.42,30.674285714285716,21.11,1.42,2016,7395314.0,-0.5768892883543146,15,0,0,0,0
2016-01-17,61.41428571428571,102.46714285714286,82.55428571428571,1.0785714285714285,82.56,2.64,26.46,28.911428571428573,20.78,2.07,2016,7395314.0,-0.5768892883543146,16,0,0,0,0
2016-01-18,63.19,100.67,86.22,1.16,87.4,4.46,35.11,27.14857142857143,21.33,1.87,2016,7395314.0,-0.5768892883543146,17,0,0,0,0
2016-01-19,46.09,88.56,63.78,0.96,100.46,6.89,33.39,25.385714285714286,22.57,2.02,2016,7395314.0,-0.5768892883543146,18,0,0,0,0
2016-01-20,32.65,121.52,58.34,0.81,84.03,15.03,27.64,23.622857142857143,22.54,1.77,2016,7395314.0,-0.5768892883543146,19,0,0,0,0
2016-01-21,73.33,95.92,66.28,0.89,68.37,28.68,31.12,21.86,22.83,1.67,2016,7395314.0,-0.5768892883543146,20,0,0,0,0
2016-01-22,163.08,139.1,91.69,1.39,81.29,6.49,26.51,40.77,21.66,2.77,2016,7395314.0,-0.5768892883543146,21,0,0,0,0
2016-01-23,134.84,106.96,66.57,1.16,79.65,3.1,15.74,23.54,22.49,3.06,2016,7395314.0,-0.5768892883543146,22,0,0,0,0
2016-01-24,88.69,78.09,93.02,1.03,50.87,2.33,14.58,22.03,23.28,2.42,2016,7395314.0,-0.5768892883543146,23,0,0,0,0
2016-01-25,95.9,42.23,112.08,1.35,60.77,4.02,19.51,20.52,23.72,2.05,2016,7395314.0,-0.5768892883543146,24,0,0,0,0
2016-01-26,100.11,17.15,76.34,0.87,60.04,3.28,19.53,42.6,23.64,1.81,2016,7395314.0,-0.5768892883543146,25,0,0,0,0
2016-01-27,82.2,33.83,52.66,1.05,60.13,5.58,23.63,37.465,23.23,2.04,2016,7395314.0,-0.5768892883543146,26,0,0,0,0
2016-01-28,161.41333333333336,39.68333333333333,65.33666666666666,1.5633333333333332,100.76,37.74,36.01,32.33,22.66,1.8,2016,7395314.0,-0.5768892883543146,27,0,0,0,0
2016-01-29,240.62666666666667,45.53666666666667,78.01333333333332,2.076666666666666,94.2,4.94,27.49,27.918,22.09,2.35,2016,7395314.0,-0.5768892883543146,28,0,0,0,0
2016-01-30,319.84,51.39,90.69,2.59,87.49,6.09,38.66,23.506,21.57,2.34,2016,7395314.0,-0.5768892883543146,29,0,0,0,0
2016-01-31,241.2,28.61,60.08,1.35,133.31,10.46,43.22,19.094,21.36,2.67,2016,7395314.0,-0.5768892883543146,30,0,0,0,0
2016-02-01,211.16,31.34,61.71,1.63,55.19,6.74,53.12,14.681999999999999,21.17,2.46,2016,7395314.0,-0.5768892883543146,31,0,0,0,0
2016-02-02,227.64,27.23,58.2,2.05,74.56,10.64,59.14,10.27,21.61,2.37,2016,7395314.0,-0.5768892883543146,32,0,0,0,0
2016-02-03,258.02,26.11,60.71,2.5,70.01,4.31,15.97,14.235,21.74,2.31,2016,7395314.0,-0.5768892883543146,33,0,0,0,0
2016-02-04,221.82,20.79,51.13,2.28,63.46,4.41,23.9,18.2,21.87,2.82,2016,7395314.0,-0.5768892883543146,34,0,0,0,0
2016-02-05,240.16,21.02,50.36,2.38,32.51,4.75,26.11,22.85,21.67,2.12,2016,7395314.0,-0.5768892883543146,35,0,0,0,0
2016-02-06,221.96,17.43,45.85,2.39,17.07,6.56,37.21,10.37,22.63,2.39,2016,7395314.0,-0.5768892883543146,36,0,0,0,0
2016-02-07,320.42,32.13,59.37,3.02,31.66,1.62,10.06,0.29,24.23,1.61,2016,7395314.0,-0.5768892883543146,37,0,0,0,0
2016-02-08,137.69,6.9,20.8,2.07,19.97,6.72,4.02,20.6,24.94,2.17,2016,7395314.0,-0.5768892883543146,38,0,0,0,0
2016-02-09,224.87,17.86,52.54,2.99,23.85,3.39,3.89,21.535,24.35,2.06,2016,7395314.0,-0.5768892883543146,39,0,0,0,0
2016-02-10,283.11,16.75,59.6,3.18,33.575,3.135,14.290000000000001,22.470000000000002,24.12,1.66,2016,7395314.0,-0.5768892883543146,40,0,0,0,0
2016-02-11,197.65,13.78,40.67,2.59,43.3,2.88,24.69,23.405,25.06,1.8,2016,7395314.0,-0.5768892883543146,41,0,0,0,0
2016-02-12,189.39,13.97,46.77,2.52,40.5,7.31,15.55,24.34,25.33,2.5,2016,7395314.0,-0.5768892883543146,42,0,0,0,0
2016-02-13,165.65,15.04,44.84,2.34,100.11,2.5,40.07,25.275000000000002,24.79,2.08,2016,7395314.0,-0.5768892883543146,43,0,0,0,0
2016-02-14,143.58,15.87,41.13,1.84,73.89,1.74,29.39,26.21,24.24,3.39,2016,7395314.0,-0.5768892883543146,44,0,0,0,0
2016-02-15,121.61,19.1,41.56,2.36,70.11,5.07,41.59,31.11,23.4,3.17,2016,7395314.0,-0.5768892883543146,45,0,0,0,0
2016-02-16,147.54,14.19,35.31,2.33,51.11,3.02,21.78,19.5,24.4,3.44,2016,7395314.0,-0.5768892883543146,46,0,0,0,0
2016-02-17,166.4,17.23,39.73,2.29,65.97,3.22,24.07,30.3,23.77,3.86,2016,7395314.0,-0.5768892883543146,47,0,0,0,0
2016-02-18,135.36,17.15,36.29,2.11,70.175,2.805,25.025,32.7325,24.24,4.17,2016,7395314.0,-0.5768892883543146,48,0,0,0,0
2016-02-19,163.94,19.55,45.9,2.11,74.38,2.39,25.98,35.165,24.3,3.11,2016,7395314.0,-0.5768892883543146,49,0,0,0,0
2016-02-20,106.25,18.52,43.87,2.04,68.8,3.26,25.99,37.597500000000004,26.09,2.09,2016,7395314.0,-0.5768892883543146,50,0,0,0,0
2016-02-21,85.2,19.62,47.38,1.87,80.4,4.06,23.68,40.03,26.94,1.79,2016,7395314.0,-0.5768892883543146,51,0,0,0,0
2016-02-22,95.65,12.81,39.66,2.29,125.89,3.8,24.11,19.61,26.83,2.39,2016,7395314.0,-0.5768892883543146,52,0,0,0,0
2016-02-23,89.52,9.47,25.38,2.33,225.61,3.27,27.44,34.99,26.13,2.25,2016,7395314.0,-0.5768892883543146,53,0,0,0,0
2016-02-24,115.13,12.49,47.71,1.88,174.96,2.88,22.32,25.86,26.02,2.01,2016,7395314.0,-0.5768892883543146,54,0,0,0,0
2016-02-25,125.72,11.73,36.97,1.1,104.64,2.66,16.35,26.85,26.99,2.5,2016,7395314.0,-0.5768892883543146,55,0,0,0,0
2016-02-26,136.22,18.22,35.03,1.06,81.92,4.46,16.52,33.76,26.42,3.69,2016,7395314.0,-0.5768892883543146,56,0,0,0,0
2016-02-27,132.53,26.9,33.79,1.05,60.09,5.41,75.35,36.64,24.43,3.54,2016,7395314.0,-0.5768892883543146,57,0,0,0,0
2016-02-28,140.48,23.63,34.88,1.17,57.04,4.6,84.87,29.49,25.71,3.46,2016,7395314.0,-0.5768892883543146,58,0,0,0,0
2016-02-29,172.84,25.88,39.38,1.22,65.67,4.03,14.58,26.8,25.52,3.58,2016,7395314.0,-0.5768892883543146,59,0,0,0,0
2016-03-01,178.16,21.56,43.86,1.17,62.28,9.25,56.36,9.77,25.35,3.26,2016,7395314.0,-0.5768892883543146,60,0,0,0,0
2016-03-02,172.94714285714286,24.84,55.38285714285714,1.35,81.48,4.38,55.7,39.05,23.98,3.12,2016,7395314.0,-0.5768892883543146,61,0,0,0,0
2016-03-03,167.7342857142857,28.119999999999997,66.90571428571428,1.53,89.44,4.3,14.44,17.73,25.53,3.54,2016,7395314.0,-0.5768892883543146,62,0,0,0,0
2016-03-04,162.52142857142857,31.4,78.42857142857143,1.71,58.8,4.08,6.0,5.91,25.53,2.72,2016,7395314.0,-0.5768892883543146,63,0,0,0,0
2016-03-05,157.3085714285714,34.68,89.95142857142858,1.8900000000000001,31.02,5.48,25.4,4.086666666666667,25.79,2.8,2016,7395314.0,-0.5768892883543146,64,0,0,0,0
2016-03-06,152.09571428571428,37.96,101.47428571428571,2.0700000000000003,25.78,3.0250000000000004,14.36,2.2633333333333336,26.02,2.73,2016,7395314.0,-0.5768892883543146,65,0,0,0,0
2016-03-07,146.88285714285712,41.24,112.99714285714286,2.25,20.54,0.57,3.32,0.44,26.32,2.72,2016,7395314.0,-0.5768892883543146,66,0,0,0,0
2016-03-08,141.67,44.52,124.52,2.43,19.88,11.8,11.73,45.0,26.67,2.08,2016,7395314.0,-0.5768892883543146,67,0,0,0,0
2016-03-09,149.69,19.56,73.43,1.34,31.92,3.75,3.62,35.70666666666666,25.98,2.24,2016,7395314.0,-0.5768892883543146,68,0,0,0,0
2016-03-10,173.29,24.3,45.89,1.52,43.195,5.154999999999999,18.235,26.413333333333334,25.81,1.98,2016,7395314.0,-0.5768892883543146,69,0,0,0,0
2016-03-11,178.79,21.11,32.52,1.37,54.47,6.56,32.85,17.12,27.53,1.96,2016,7395314.0,-0.5768892883543146,70,0,0,0,0
2016-03-12,172.64,11.85,42.36,1.21,25.02,31.08,32.29,0.0,27.96,2.47,2016,7395314.0,-0.5768892883543146,71,0,0,0,0
2016-03-13,137.48,10.63,40.01,1.0,95.28,3.03,14.55,34.97,28.49,1.63,2016,7395314.0,-0.5768892883543146,72,0,0,0,0
2016-03-14,160.44,14.36,80.49,1.29,103.0,3.5,13.56,26.685,28.93,1.94,2016,7395314.0,-0.5768892883543146,73,0,0,0,0
2016-03-15,147.86,19.78,68.15,1.01,81.64,3.93,10.76,18.4,26.82,2.27,2016,7395314.0,-0.5768892883543146,74,0,0,0,0
2016-03-16,158.78,17.09,89.41,1.17,88.01,7.46,15.48,17.08,27.19,1.34,2016,7395314.0,-0.5768892883543146,75,0,0,0,0
2016-03-17,170.47,10.21,59.05,1.19,83.21,7.12,16.68,27.19,26.98,1.78,2016,7395314.0,-0.5768892883543146,76,0,0,0,0
2016-03-18,210.81,25.14,75.955,1.08,82.15,4.51,13.29,26.270000000000003,27.75,1.96,2016,7395314.0,-0.5768892883543146,77,0,0,0,0
2016-03-19,204.38,40.07,92.86,1.29,133.82,5.12,18.58,25.35,27.71,1.55,2016,7395314.0,-0.5768892883543146,78,0,0,0,0
2016-03-20,188.31,2.47,4.34,1.3,215.99,3.96,25.2,24.43,28.24,2.0,2016,7395314.0,-0.5768892883543146,79,0,0,0,0
2016-03-21,149.15,3.56,5.51,1.13,166.08,4.72,25.84,23.51,29.03,1.8,2016,7395314.0,-0.5768892883543146,80,0,0,0,0
2016-03-22,111.17,1.39,1.88,0.93,113.4,4.19,20.31,30.67,29.19,1.59,2016,7395314.0,-0.5768892883543146,81,0,0,0,0
2016-03-23,219.3,9.84,19.57,0.68,107.66250000000001,3.94,16.11,28.3225,29.97,1.79,2016,7395314.0,-0.5768892883543146,82,0,0,0,0
2016-03-24,193.16,11.64,17.68,1.37,101.92500000000001,3.59,19.52,25.975,30.06,2.92,2016,7395314.0,-0.5768892883543146,83,0,0,0,0
2016-03-25,182.49,10.668333333333333,21.025,1.25,96.1875,3.6,37.99,23.6275,28.36,2.49,2016,7395314.0,-0.5768892883543146,84,0,0,0,0
2016-03-26,169.98,9.696666666666667,24.37,1.21,90.45,3.99,31.84,21.28,27.49,2.77,2016,7395314.0,-0.5768892883543146,85,0,0,0,0
2016-03-27,174.52,8.725,27.715,1.08,70.44,4.51,40.76,30.11,27.06,2.19,2016,7395314.0,-0.5768892883543146,86,0,0,0,0
2016-03-28,158.83,7.753333333333334,31.060000000000002,1.15,69.56,4.56,48.32,34.53,27.77,2.26,2016,7395314.0,-0.5768892883543146,87,0,0,0,0
2016-03-29,169.89,6.781666666666666,34.405,1.2,63.12,3.02,25.81,35.85,28.33,2.62,2016,7395314.0,-0.5768892883543146,88,0,0,0,0
2016-03-30,146.82,5.81,37.75,1.14,53.65,2.85,22.12,29.9,28.69,2.7,2016,7395314.0,-0.5768892883543146,89,0,0,0,0
2016-03-31,155.54,5.86,40.56,1.13,65.94,2.72,22.61,23.335,28.24,1.88,2016,7395314.0,-0.5768892883543146,90,0,0,0,0
2016-04-01,144.98,5.87,36.02,1.2,66.29,5.62,51.36,16.77,29.12,2.61,2016,7395314.0,-0.5768892883543146,91,0,0,0,0
2016-04-02,173.08999999999997,29.073333333333334,44.96,1.85,74.62,4.75,53.05,15.06,29.78,3.01,2016,7395314.0,-0.5768892883543146,92,0,0,0,0
2016-04-03,201.2,52.276666666666664,53.900000000000006,2.5,92.96,8.47,21.81,27.56,29.85,2.56,2016,7395314.0,-0.5768892883543146,93,0,0,0,0
2016-04-04,168.95,75.48,62.84,0.99,57.73,5.44,28.49,33.89,29.57,3.12,2016,7395314.0,-0.5768892883543146,94,0,0,0,0
2016-04-05,248.69,43.45,49.15,1.62,35.5,3.82,21.41,22.72,28.94,2.14,2016,7395314.0,-0.5768892883543146,95,0,0,0,0
2016-04-06,304.63,5.58,49.34,2.0,27.689999999999998,2.62,13.32,11.55,29.81,1.97,2016,7395314.0,-0.5768892883543146,96,0,0,0,0
2016-04-07,212.46,1.04,10.4,1.68,19.88,1.42,5.23,0.38,30.98,2.48,2016,7395314.0,-0.5768892883543146,97,0,0,0,0
2016-04-08,765.04,8.55,60.34,2.11,13.9,6.56,5.04,1.42,30.21,2.62,2016,7395314.0,-0.5768892883543146,98,0,0,0,0
2016-04-09,199.27,60.86,102.07,1.47,37.26,2.38,1.59,2.46,28.72,2.62,2016,7395314.0,-0.5768892883543146,99,0,0,0,0
2016-04-10,182.8,9.29,55.61,1.54,71.02,3.33,22.96,3.5,29.97,1.83,2016,7395314.0,-0.5768892883543146,100,0,0,0,0
2016-04-11,211.33,4.8,34.65,1.79,74.01,6.44,36.95,4.54,31.3,2.17,2016,7395314.0,-0.5768892883543146,101,0,0,0,0
2016-04-12,208.32,0.76,0.37,1.43,29.16,2.38,10.68,5.58,31.79,2.34,2016,7395314.0,-0.5768892883543146,102,0,0,0,0
2016-04-13,213.82,71.18,98.42,2.16,34.77,4.58,4.41,4.475,31.98,2.16,2016,7395314.0,-0.5768892883543146,103,0,0,0,0
2016-04-14,258.47,24.88,86.18,1.81,40.38,3.04,3.95,3.37,32.86,2.35,2016,7395314.0,-0.5768892883543146,104,0,0,0,0
2016-04-15,231.77,16.91,44.07,1.77,45.99,3.1,3.44,8.66,32.67,3.06,2016,7395314.0,-0.5768892883543146,105,0,0,0,0
2016-04-16,215.19,13.87,3.96,1.86,51.6,2.47,4.0,11.35,32.08,3.09,2016,7395314.0,-0.5768892883543146,106,0,0,0,0
2016-04-17,212.94,3.22,3.28,2.43,34.64,1.99,4.92,14.04,32.38,3.07,2016,7395314.0,-0.5768892883543146,107,0,0,0,0
2016-04-18,203.35,4.41,1.06,1.72,31.1,2.54,9.66,20.64,31.21,3.2,2016,7395314.0,-0.5768892883543146,108,0,0,0,0
2016-04-19,172.76,6.14,4.43,2.64,29.06,2.42,8.77,2.61,31.37,2.6,2016,7395314.0,-0.5768892883543146,109,0,0,0,0
2016-04-20,181.1,16.62,49.94,1.51,35.79,2.6,10.47,40.1,31.88,2.41,2016,7395314.0,-0.5768892883543146,110,0,0,0,0
2016-04-21,136.51,14.84,12.16,1.14,33.8,2.12,7.41,21.310000000000002,32.65,1.74,2016,7395314.0,-0.5768892883543146,111,0,0,0,0
2016-04-22,112.12,22.35,7.41,2.66,32.48,3.28,10.94,2.52,32.52,2.42,2016,7395314.0,-0.5768892883543146,112,0,0,0,0
2016-04-23,93.01,7.05,9.34,1.3,31.98,8.34,30.87,6.326666666666666,32.42,2.06,2016,7395314.0,-0.5768892883543146,113,0,0,0,0
2016-04-24,77.91,7.79,9.13,1.19,25.94,4.87,23.61,10.133333333333333,32.44,2.16,2016,7395314.0,-0.5768892883543146,114,0,0,0,0
2016-04-25,107.34,11.24,9.19,0.8,31.51,4.71,24.52,13.94,32.44,1.54,2016,7395314.0,-0.5768892883543146,115,0,0,0,0
2016-04-26,78.86,8.66,16.29,0.58,26.13,6.41,29.62,9.13,30.94,2.97,2016,7395314.0,-0.5768892883543146,116,0,0,0,0
2016-04-27,79.11423076923077,8.762307692307692,16.7225,0.5790384615384615,26.42,4.21,28.46,12.71,28.89,2.07,2016,7395314.0,-0.5768892883543146,117,0,0,0,0
2016-04-28,79.36846153846153,8.864615384615385,17.154999999999998,0.578076923076923,33.03,3.86,27.44,10.920000000000002,28.86,1.97,2016,7395314.0,-0.5768892883543146,118,0,0,0,0
2016-04-29,79.6226923076923,8.966923076923077,17.5875,0.5771153846153846,35.05,3.79,26.49,9.13,30.43,2.92,2016,7395314.0,-0.5768892883543146,119,0,0,0,0
2016-04-30,79.87692307692308,9.069230769230769,18.02,0.5761538461538461,30.76,3.15,21.3,33.75,30.52,2.57,2016,7395314.0,-0.5768892883543146,120,0,0,0,0
2016-05-01,80.13115384615385,9.171538461538463,18.4525,0.5751923076923077,73.86,10.75,66.58,26.009999999999998,31.42,2.31,2016,7395314.0,-0.5768892883543146,121,0,0,0,0
2016-05-02,80.38538461538461,9.273846153846154,18.884999999999998,0.5742307692307692,81.32,3.84,50.84,18.27,31.54,2.24,2016,7395314.0,-0.5768892883543146,122,0,0,0,0
2016-05-03,80.63961538461538,9.376153846153846,19.3175,0.5732692307692308,81.48,4.99,17.39,15.66,32.38,2.06,2016,7395314.0,-0.5768892883543146,123,0,0,0,0
2016-05-04,80.89384615384616,9.478461538461538,19.75,0.5723076923076923,59.38,3.22,51.87,28.06,31.03,2.18,2016,7395314.0,-0.5768892883543146,124,0,0,0,0
2016-05-05,81.14807692307693,9.580769230769231,20.1825,0.5713461538461538,34.71,4.62,19.39,37.02,30.36,1.54,2016,7395314.0,-0.5768892883543146,125,0,0,0,0
2016-05-06,81.40230769230769,9.683076923076923,20.615000000000002,0.5703846153846154,27.745,3.385,12.655,18.69,27.88,1.04,2016,7395314.0,-0.5768892883543146,126,0,0,0,0
2016-05-07,81.65653846153846,9.785384615384615,21.0475,0.5694230769230769,20.78,2.15,5.92,0.36,26.42,1.5,2016,7395314.0,-0.5768892883543146,127,0,0,0,0
2016-05-08,81.91076923076923,9.887692307692308,21.48,0.5684615384615385,21.675,2.335,3.985,4.333333333333333,25.92,1.56,2016,7395314.0,-0.5768892883543146,128,0,0,0,0
2016-05-09,82.16499999999999,9.99,21.9125,0.5675,22.57,2.52,2.05,8.306666666666667,27.52,1.9,2016,7395314.0,-0.5768892883543146,129,0,0,0,0
2016-05-10,82.41923076923077,10.092307692307692,22.345,0.5665384615384615,70.35,3.63,23.01,12.28,26.82,2.07,2016,7395314.0,-0.5768892883543146,130,0,0,0,0
2016-05-11,82.67346153846154,10.194615384615386,22.7775,0.5655769230769231,65.53,4.86,24.85,8.434999999999999,26.29,1.33,2016,7395314.0,-0.5768892883543146,131,0,0,0,0
2016-05-12,82.92769230769231,10.296923076923077,23.21,0.5646153846153846,28.07,3.03,14.56,4.59,27.43,1.63,2016,7395314.0,-0.5768892883543146,132,0,0,0,0
2016-05-13,83.18192307692307,10.399230769230769,23.6425,0.5636538461538462,46.67,2.52,9.78,23.68,28.91,1.17,2016,7395314.0,-0.5768892883543146,133,0,0,0,0
2016-05-14,83.43615384615384,10.501538461538463,24.075,0.5626923076923077,41.91,5.0633333333333335,13.97,21.32,28.97,2.42,2016,7395314.0,-0.5768892883543146,134,0,0,0,0
2016-05-15,83.69038461538462,10.603846153846154,24.5075,0.5617307692307693,37.69,7.606666666666667,18.160000000000004,18.96,28.23,2.39,2016,7395314.0,-0.5768892883543146,135,0,0,0,0
2016-05-16,83.94461538461539,10.706153846153846,24.94,0.5607692307692308,39.14,10.15,22.35,37.94,26.42,1.74,2016,7395314.0,-0.5768892883543146,136,0,0,0,0
2016-05-17,84.19884615384615,10.80846153846154,25.372500000000002,0.5598076923076923,37.46,3.75,17.34,27.23333333333333,26.12,1.98,2016,7395314.0,-0.5768892883543146,137,0,0,0,0
2016-05-18,84.45307692307692,10.910769230769231,25.805,0.5588461538461539,35.22,4.02,5.12,16.526666666666664,24.65,3.48,2016,7395314.0,-0.5768892883543146,138,0,0,0,0
2016-05-19,84.7073076923077,11.013076923076923,26.2375,0.5578846153846154,35.06,1.62,4.12,5.82,24.19,3.89,2016,7395314.0,-0.5768892883543146,139,0,0,0,0
2016-05-20,84.96153846153845,11.115384615384617,26.67,0.556923076923077,1.48,1.13,7.1,12.51,25.29,4.51,2016,7395314.0,-0.5768892883543146,140,0,0,0,0
2016-05-21,85.21576923076923,11.217692307692309,27.1025,0.5559615384615384,5.68,1.09,6.42,41.2,25.42,3.98,2016,7395314.0,-0.5768892883543146,141,0,0,0,0
2016-05-22,85.47,11.32,27.535,0.5549999999999999,9.88,1.23,7.2,11.27,25.89,3.84,2016,7395314.0,-0.5768892883543146,142,0,0,0,0
2016-05-23,85.72423076923077,11.422307692307694,27.9675,0.5540384615384615,14.08,1.08,6.89,23.08,27.92,3.87,2016,7395314.0,-0.5768892883543146,143,0,0,0,0
2016-05-24,85.97846153846153,11.524615384615386,28.4,0.553076923076923,18.28,1.45,7.37,29.85,28.19,3.95,2016,7395314.0,-0.5768892883543146,144,0,0,0,0
2016-05-25,86.2326923076923,11.626923076923077,28.832500000000003,0.5521153846153846,22.48,2.3,9.62,14.44,27.9,3.73,2016,7395314.0,-0.5768892883543146,145,0,0,0,0
2016-05-26,86.48692307692308,11.72923076923077,29.265,0.5511538461538461,26.68,1.96,9.61,35.0,27.34,3.79,2016,7395314.0,-0.5768892883543146,146,0,0,0,0
2016-05-27,86.74115384615385,11.831538461538463,29.6975,0.5501923076923076,30.88,1.97,8.78,26.51,27.73,2.48,2016,7395314.0,-0.5768892883543146,147,0,0,0,0
2016-05-28,86.99538461538461,11.933846153846154,30.130000000000003,0.5492307692307692,35.08,2.07,10.38,38.01,24.31,2.61,2016,7395314.0,-0.5768892883543146,148,0,0,0,0
2016-05-29,87.24961538461538,12.036153846153846,30.5625,0.5482692307692307,39.279999999999994,1.79,9.12,29.57,26.07,3.25,2016,7395314.0,-0.5768892883543146,149,0,0,0,0
2016-05-30,87.50384615384615,12.138461538461538,30.995,0.5473076923076923,43.48,4.52,24.32,21.13,26.13,2.86,2016,7395314.0,-0.5768892883543146,150,0,0,0,0
2016-05-31,87.75807692307691,12.240769230769232,31.427500000000002,0.5463461538461538,26.82,8.15,45.27,27.74,26.94,2.07,2016,7395314.0,-0.5768892883543146,151,0,0,0,0
2016-06-01,88.01230769230769,12.343076923076923,31.86,0.5453846153846154,65.18,6.53,56.79,23.689999999999998,24.24,2.23,2016,7395314.0,-0.5768892883543146,152,0,0,0,0
2016-06-02,88.26653846153846,12.445384615384615,32.292500000000004,0.5444230769230769,78.1,2.97,42.61,19.64,24.21,2.38,2016,7395314.0,-0.5768892883543146,153,0,0,0,0
2016-06-03,88.52076923076923,12.547692307692309,32.725,0.5434615384615384,74.04,3.36,10.84,15.59,25.87,1.71,2016,7395314.0,-0.5768892883543146,154,0,0,0,0
2016-06-04,88.775,12.65,33.1575,0.5425,56.08,4.4,81.46,16.325,25.6,3.29,2016,7395314.0,-0.5768892883543146,155,0,0,0,0
2016-06-05,89.02923076923076,12.752307692307692,33.59,0.5415384615384615,25.5,3.93,17.76,17.06,25.78,3.22,2016,7395314.0,-0.5768892883543146,156,0,0,0,0
2016-06-06,89.28346153846154,12.854615384615386,34.0225,0.5405769230769231,21.085,2.9450000000000003,11.540000000000001,8.715,25.17,2.99,2016,7395314.0,-0.5768892883543146,157,0,0,0,0
2016-06-07,89.53769230769231,12.956923076923077,34.455,0.5396153846153846,16.67,1.96,5.32,0.37,25.02,2.79,2016,7395314.0,-0.5768892883543146,158,0,0,0,0
2016-06-08,89.79192307692307,13.05923076923077,34.8875,0.5386538461538461,26.535,2.475,4.29,0.33499999999999996,24.42,3.14,2016,7395314.0,-0.5768892883543146,159,0,0,0,0
2016-06-09,90.04615384615384,13.161538461538463,35.32000000000001,0.5376923076923077,36.4,2.99,3.26,0.3,24.04,4.14,2016,7395314.0,-0.5768892883543146,160,0,0,0,0
2016-06-10,90.30038461538462,13.263846153846155,35.7525,0.5367307692307692,54.7,3.05,19.55,1.09,24.14,5.01,2016,7395314.0,-0.5768892883543146,161,0,0,0,0
2016-06-11,90.55461538461537,13.366153846153846,36.185,0.5357692307692308,48.3,3.0,19.6,1.8800000000000001,24.42,4.98,2016,7395314.0,-0.5768892883543146,162,0,0,0,0
2016-06-12,90.80884615384615,13.46846153846154,36.61750000000001,0.5348076923076923,38.23,2.13,10.95,2.67,23.46,4.61,2016,7395314.0,-0.5768892883543146,163,0,0,0,0
2016-06-13,91.06307692307692,13.570769230769232,37.05,0.5338461538461539,41.025999999999996,2.518,13.5,2.336,23.2,5.13,2016,7395314.0,-0.5768892883543146,164,0,0,0,0
2016-06-14,91.3173076923077,13.673076923076923,37.4825,0.5328846153846154,43.821999999999996,2.906,16.05,2.002,23.95,4.41,2016,7395314.0,-0.5768892883543146,165,0,0,0,0
2016-06-15,91.57153846153847,13.775384615384617,37.915000000000006,0.5319230769230769,46.617999999999995,3.2940000000000005,18.6,1.668,24.54,4.81,2016,7395314.0,-0.5768892883543146,166,0,0,0,0
2016-06-16,91.82576923076923,13.877692307692309,38.347500000000004,0.5309615384615385,49.414,3.6820000000000004,21.15,1.334,23.93,3.51,2016,7395314.0,-0.5768892883543146,167,0,0,0,0
2016-06-17,92.08,13.98,38.78,0.53,52.21,4.07,23.7,1.0,24.64,3.55,2016,7395314.0,-0.5768892883543146,168,0,0,0,0
2016-06-18,82.89,16.49,35.77,0.34,33.45,6.65,19.35,0.73,23.68,3.87,2016,7395314.0,-0.5768892883543146,169,0,0,0,0
2016-06-19,101.5,14.86,37.95,0.66,26.74,3.61,7.51,0.51,23.55,3.18,2016,7395314.0,-0.5768892883543146,170,0,0,0,0
2016-06-20,89.07,22.09,44.93,1.01,29.47,2.77,7.35,0.5,23.04,2.41,2016,7395314.0,-0.5768892883543146,171,0,0,0,0
2016-06-21,53.61,18.44,36.05,0.77,28.27,3.34,8.8,0.41,22.67,3.34,2016,7395314.0,-0.5768892883543146,172,0,0,0,0
2016-06-22,77.57,12.920000000000002,31.82,0.61,35.97,2.98,7.71,0.35,21.65,4.16,2016,7395314.0,-0.5768892883543146,173,0,0,0,0
2016-06-23,101.53,7.4,27.59,0.45,32.58,3.09,7.33,0.27,21.39,4.71,2016,7395314.0,-0.5768892883543146,174,0,0,0,0
2016-06-24,59.95,11.67,30.07,0.4,19.71,2.71,6.53,0.32,22.5,4.86,2016,7395314.0,-0.5768892883543146,175,0,0,0,0
2016-06-25,71.7,11.473333333333333,29.98,0.5666666666666667,19.87,5.220000000000001,10.463333333333333,0.3066666666666667,22.1,5.42,2016,7395314.0,-0.5768892883543146,176,0,0,0,0
2016-06-26,83.45,11.276666666666667,29.89,0.7333333333333334,20.03,7.73,14.396666666666665,0.29333333333333333,23.44,3.98,2016,7395314.0,-0.5768892883543146,177,0,0,0,0
2016-06-27,95.2,11.08,29.8,0.9,20.19,10.24,18.33,0.28,22.98,4.72,2016,7395314.0,-0.5768892883543146,178,0,0,0,0
2016-06-28,81.76,28.82,42.91,1.0,40.5,3.0,20.89,0.36,23.13,5.2,2016,7395314.0,-0.5768892883543146,179,0,0,0,0
2016-06-29,25.18,21.23,34.42,0.62,292.29,4.8,20.91,0.27,22.95,5.4,2016,7395314.0,-0.5768892883543146,180,0,0,0,0
2016-06-30,63.21,18.65,33.46,0.46,15.44,3.14,12.52,0.33,23.02,5.5,2016,7395314.0,-0.5768892883543146,181,0,0,0,0
2016-07-01,78.57,25.15,35.68,0.55,64.23,19.71,69.08,14.02,22.99,5.73,2016,7395314.0,-0.5768892883543146,182,0,0,0,0
2016-07-02,82.62,30.779999999999998,42.78,0.7050000000000001,112.16,4.36,44.42,28.0,24.33,6.18,2016,7395314.0,-0.5768892883543146,183,0,0,0,0
2016-07-03,86.67,36.41,49.88,0.86,74.61,3.93,10.83,26.825,24.17,5.58,2016,7395314.0,-0.5768892883543146,184,0,0,0,0
2016-07-04,148.66,30.98,42.57,0.82,41.48,2.55,15.27,25.65,23.9,4.6,2016,7395314.0,-0.5768892883543146,185,0,0,0,0
2016-07-05,112.13,24.82,39.56,0.73,24.5,4.11,18.26,33.42,24.6,4.26,2016,7395314.0,-0.5768892883543146,186,0,0,0,0
2016-07-06,99.93,23.28,34.65,0.6,19.845,3.8750000000000004,15.06,16.93,23.7,4.27,2016,7395314.0,-0.5768892883543146,187,0,0,0,0
2016-07-07,107.315,25.04,38.84,0.6950000000000001,15.19,3.64,11.86,0.44,23.29,4.53,2016,7395314.0,-0.5768892883543146,188,0,0,0,0
2016-07-08,114.7,26.8,43.03,0.79,22.52,3.18,7.255,0.0,23.7,4.93,2016,7395314.0,-0.5768892883543146,189,0,0,0,0
2016-07-09,94.22,28.42,39.05,0.54,29.85,2.72,2.65,1.74,23.73,5.95,2016,7395314.0,-0.5768892883543146,190,0,0,0,0
2016-07-10,89.36500000000001,22.435000000000002,37.15,0.575,41.7,3.4,18.88,3.48,24.29,6.52,2016,7395314.0,-0.5768892883543146,191,0,0,0,0
2016-07-11,84.51,16.45,35.25,0.61,54.9,3.02,25.6,5.22,23.78,6.35,2016,7395314.0,-0.5768892883543146,192,0,0,0,0
2016-07-12,80.60666666666667,16.356666666666666,35.32333333333333,0.64,48.59,3.96,17.63,6.96,23.66,5.47,2016,7395314.0,-0.5768892883543146,193,0,0,0,0
2016-07-13,76.70333333333333,16.263333333333335,35.39666666666667,0.6699999999999999,71.54666666666667,3.79,5.29,8.7,24.52,4.99,2016,7395314.0,-0.5768892883543146,194,0,0,0,0
2016-07-14,72.8,16.17,35.47,0.7,94.50333333333333,3.15,5.16,10.44,24.83,3.73,2016,7395314.0,-0.5768892883543146,195,0,0,0,0
2016-07-15,39.63,13.86,32.38,0.65,117.46000000000001,2.83,3.83,28.68,24.99,2.47,2016,7395314.0,-0.5768892883543146,196,0,0,0,0
2016-07-16,34.02,12.99,33.26,0.71,140.41666666666669,2.64,3.475,24.406666666666666,23.82,1.96,2016,7395314.0,-0.5768892883543146,197,0,0,0,0
2016-07-17,46.94,16.51,31.58,0.74,163.37333333333333,2.45,3.12,20.133333333333333,23.13,1.86,2016,7395314.0,-0.5768892883543146,198,0,0,0,0
2016-07-18,35.74,19.16,28.4,0.53,186.33,2.47,3.46,15.86,23.1,2.47,2016,7395314.0,-0.5768892883543146,199,0,0,0,0
2016-07-19,30.6,25.04,45.54666666666667,0.49333333333333335,43.41,2.91,4.99,24.48,23.17,3.53,2016,7395314.0,-0.5768892883543146,200,0,0,0,0
2016-07-20,25.46,30.919999999999998,62.693333333333335,0.45666666666666667,23.05,7.6,7.06,22.48,23.07,3.5,2016,7395314.0,-0.5768892883543146,201,0,0,0,0
2016-07-21,20.32,36.8,79.84,0.42,27.43,6.68,3.96,20.48,22.37,4.49,2016,7395314.0,-0.5768892883543146,202,0,0,0,0
2016-07-22,119.58,20.24,41.53,0.77,21.12,7.46,4.7,18.48,22.99,4.09,2016,7395314.0,-0.5768892883543146,203,0,0,0,0
2016-07-23,90.98,24.48,33.68,0.54,16.835,6.8,4.984999999999999,16.48,23.34,3.51,2016,7395314.0,-0.5768892883543146,204,0,0,0,0
2016-07-24,105.66499999999999,21.515,33.765,0.78,12.55,6.14,5.27,14.48,22.85,3.0,2016,7395314.0,-0.5768892883543146,205,0,0,0,0
2016-07-25,120.35,18.55,33.85,1.02,9.83,5.44,5.64,11.7,23.79,1.81,2016,7395314.0,-0.5768892883543146,206,0,0,0,0
2016-07-26,113.21666666666667,18.05666666666667,31.2,0.9433333333333334,22.85,6.39,3.12,15.040999999999999,23.22,1.37,2016,7395314.0,-0.5768892883543146,207,0,0,0,0
2016-07-27,106.08333333333333,17.563333333333333,28.55,0.8666666666666667,22.67,6.29,3.09,18.381999999999998,23.14,1.66,2016,7395314.0,-0.5768892883543146,208,0,0,0,0
2016-07-28,98.95,17.07,25.9,0.79,17.52,6.62,2.75,21.723,22.5,2.32,2016,7395314.0,-0.5768892883543146,209,0,0,0,0
2016-07-29,44.88,13.35,20.8,0.54,22.0,6.48,2.14,25.063999999999997,22.97,3.37,2016,7395314.0,-0.5768892883543146,210,0,0,0,0
2016-07-30,63.51,12.77,18.08,0.49,9.83,5.49,1.75,28.404999999999998,21.48,3.57,2016,7395314.0,-0.5768892883543146,211,0,0,0,0
2016-07-31,142.1,9.72,37.22,0.81,19.6,22.77,22.58,31.745999999999995,22.24,4.52,2016,7395314.0,-0.5768892883543146,212,0,0,0,0
2016-08-01,73.85,8.82,32.74,0.69,83.62,9.62,69.78,35.086999999999996,22.56,5.24,2016,7395314.0,-0.5768892883543146,213,0,0,0,0
2016-08-02,111.0,4.95,24.7,0.69,97.69,2.48,33.87,38.428,22.2,5.6,2016,7395314.0,-0.5768892883543146,214,0,0,0,0
2016-08-03,77.06,5.88,24.45,0.61,78.02,4.33,13.57,41.76899999999999,23.13,5.71,2016,7395314.0,-0.5768892883543146,215,0,0,0,0
2016-08-04,59.05,6.44,24.31,0.45,31.24,1.9,8.77,45.11,22.83,5.33,2016,7395314.0,-0.5768892883543146,216,0,0,0,0
2016-08-05,61.839999999999996,5.988571428571429,23.852857142857143,0.30000000000000004,20.47,3.46,11.47,4.83,23.3,5.42,2016,7395314.0,-0.5768892883543146,217,0,0,0,0
2016-08-06,64.63,5.537142857142857,23.395714285714284,0.15000000000000002,22.0675,3.25,9.955,2.575,23.07,4.82,2016,7395314.0,-0.5768892883543146,218,0,0,0,0
2016-08-07,67.42,5.085714285714285,22.93857142857143,0.0,23.665,3.04,8.44,0.32,22.78,4.28,2016,7395314.0,-0.5768892883543146,219,0,0,0,0
2016-08-08,70.21,4.634285714285714,22.48142857142857,0.0,25.2625,3.04,5.58,0.0,23.43,4.06,2016,7395314.0,-0.5768892883543146,220,0,0,0,0
2016-08-09,73.0,4.182857142857143,22.024285714285714,0.0,26.86,3.04,2.72,0.1,23.96,3.91,2016,7395314.0,-0.5768892883543146,221,0,0,0,0
2016-08-10,75.78999999999999,3.7314285714285713,21.567142857142855,0.0,32.23,3.18,19.1,1.6333333333333337,23.31,3.99,2016,7395314.0,-0.5768892883543146,222,0,0,0,0
2016-08-11,78.58,3.28,21.11,0.17,61.41,4.38,28.14,3.1666666666666674,23.83,3.41,2016,7395314.0,-0.5768892883543146,223,0,0,0,0
2016-08-12,83.53666666666666,4.513333333333334,23.816666666666666,0.33333333333333337,39.22,4.77,18.7,4.7,24.11,3.7,2016,7395314.0,-0.5768892883543146,224,0,0,0,0
2016-08-13,88.49333333333334,5.746666666666667,26.523333333333333,0.4966666666666667,21.58,3.99,4.47,6.233333333333334,24.14,3.82,2016,7395314.0,-0.5768892883543146,225,0,0,0,0
2016-08-14,93.45,6.98,29.23,0.66,20.67,3.84,4.1,7.7666666666666675,23.45,4.04,2016,7395314.0,-0.5768892883543146,226,0,0,0,0
2016-08-15,61.03,5.57,23.28,0.53,13.67,3.59,3.84,9.3,23.78,4.91,2016,7395314.0,-0.5768892883543146,227,0,0,0,0
2016-08-16,55.04,4.3,18.82,0.56,105.77,4.13,4.15,12.466666666666669,23.92,5.3,2016,7395314.0,-0.5768892883543146,228,0,0,0,0
2016-08-17,82.51,5.36,26.95,0.73,32.53,3.96,4.18,15.633333333333335,24.22,4.76,2016,7395314.0,-0.5768892883543146,229,0,0,0,0
2016-08-18,62.4,6.22,26.87,0.66,39.31,3.36,3.58,18.8,24.43,3.91,2016,7395314.0,-0.5768892883543146,230,0,0,0,0
2016-08-19,16.95,6.74,28.81,0.7,33.86,2.46,2.1,17.921333333333333,24.57,3.67,2016,7395314.0,-0.5768892883543146,231,0,0,0,0
2016-08-20,13.83,8.41,34.65,0.75,47.28,2.29,2.14,17.04266666666667,24.79,2.94,2016,7395314.0,-0.5768892883543146,232,0,0,0,0
2016-08-21,11.7,5.48,26.78,0.6,32.12,3.11,3.2,16.164,25.22,2.7,2016,7395314.0,-0.5768892883543146,233,0,0,0,0
2016-08-22,31.04,4.96,22.7,0.52,36.31,3.05,3.18,15.285333333333334,25.36,3.0,2016,7395314.0,-0.5768892883543146,234,0,0,0,0
2016-08-23,76.62,4.25,21.79,0.63,37.05,3.68,3.56,14.406666666666666,24.65,3.24,2016,7395314.0,-0.5768892883543146,235,0,0,0,0
2016-08-24,74.14,5.04,24.0,0.69,34.32,2.8,3.1,13.528000000000002,24.39,3.18,2016,7395314.0,-0.5768892883543146,236,0,0,0,0
2016-08-25,59.83,4.96,22.85,0.66,29.84,2.02,1.6,12.649333333333335,23.75,3.03,2016,7395314.0,-0.5768892883543146,237,0,0,0,0
2016-08-26,53.29,6.26,25.85,0.65,25.314999999999998,3.83,3.33,11.770666666666667,23.69,3.25,2016,7395314.0,-0.5768892883543146,238,0,0,0,0
2016-08-27,67.14,5.66,28.96,0.72,20.79,2.6,3.02,10.892000000000001,23.94,3.01,2016,7395314.0,-0.5768892883543146,239,0,0,0,0
2016-08-28,57.48,6.19,28.7,0.67,6.19,2.87,2.42,10.013333333333334,23.85,3.34,2016,7395314.0,-0.5768892883543146,240,0,0,0,0
2016-08-29,59.39,5.12,24.84,0.8,30.81,3.66,3.2,9.134666666666668,23.66,3.04,2016,7395314.0,-0.5768892883543146,241,0,0,0,0
2016-08-30,31.7,3.26,16.45,0.52,27.2,3.51,3.98,8.256000000000002,23.16,2.57,2016,7395314.0,-0.5768892883543146,242,0,0,0,0
2016-08-31,51.13,6.18,26.11,0.89,37.4,1.84,1.55,7.377333333333334,22.37,3.47,2016,7395314.0,-0.5768892883543146,243,0,0,0,0
2016-09-01,47.98,6.3,26.26,0.56,64.88,10.02,58.84,6.498666666666669,22.63,3.49,2016,7395314.0,-0.5768892883543146,244,0,0,0,0
2016-09-02,72.25,8.2,30.27,0.85,104.2,3.1,41.29,5.62,22.47,3.38,2016,7395314.0,-0.5768892883543146,245,0,0,0,0
2016-09-03,75.39,8.54,33.77,0.77,88.45,5.2,26.93,12.19,22.43,3.02,2016,7395314.0,-0.5768892883543146,246,0,0,0,0
2016-09-04,56.87,5.48,25.09,0.53,33.95,2.16,7.81,14.495000000000001,23.08,3.12,2016,7395314.0,-0.5768892883543146,247,0,0,0,0
2016-09-05,53.36,4.06,21.5,0.48,18.07,3.42,11.68,16.8,23.17,3.41,2016,7395314.0,-0.5768892883543146,248,0,0,0,0
2016-09-06,64.9,5.82,25.25,0.78,18.556,3.745,10.54,8.555,23.41,3.62,2016,7395314.0,-0.5768892883543146,249,0,0,0,0
2016-09-07,52.55,4.12,21.59,0.59,19.042,4.07,9.4,0.31,23.55,3.46,2016,7395314.0,-0.5768892883543146,250,0,0,0,0
2016-09-08,67.71,5.1,27.36,0.57,19.528,3.7800000000000002,12.61,0.0,23.87,2.96,2016,7395314.0,-0.5768892883543146,251,0,0,0,0
2016-09-09,55.53,2.91,21.51,0.53,20.014,3.49,15.82,1.4350000000000003,24.08,2.38,2016,7395314.0,-0.5768892883543146,252,0,0,0,0
2016-09-10,66.19,4.36,25.3,0.79,20.5,3.2,19.03,2.8700000000000006,24.17,2.89,2016,7395314.0,-0.5768892883543146,253,0,0,0,0
2016-09-11,58.12,5.86,26.36,0.55,51.02,2.67,24.95,4.305000000000001,22.55,2.76,2016,7395314.0,-0.5768892883543146,254,0,0,0,0
2016-09-12,62.75,4.94,24.1,0.59,44.14,4.51,23.03,5.74,23.08,2.81,2016,7395314.0,-0.5768892883543146,255,0,0,0,0
2016-09-13,49.32,3.49,17.97,0.55,23.04,2.2,4.08,11.826666666666666,23.37,3.35,2016,7395314.0,-0.5768892883543146,256,0,0,0,0
2016-09-14,44.37,4.26,20.58,0.66,12.36,2.12,3.94,17.913333333333334,24.37,3.47,2016,7395314.0,-0.5768892883543146,257,0,0,0,0
2016-09-15,40.55,5.75,23.69,0.67,12.7,12.34,46.17,24.0,22.9,3.54,2016,7395314.0,-0.5768892883543146,258,0,0,0,0
2016-09-16,59.24,11.8,39.71,0.87,30.09,11.21,6.56,27.36,23.87,3.61,2016,7395314.0,-0.5768892883543146,259,0,0,0,0
2016-09-17,79.94,11.81,44.68,0.95,28.87,4.43,3.52,28.609375,23.24,3.49,2016,7395314.0,-0.5768892883543146,260,0,0,0,0
2016-09-18,79.23,8.39,39.26,0.58,26.185000000000002,5.369999999999999,18.325000000000003,29.85875,23.6,3.62,2016,7395314.0,-0.5768892883543146,261,0,0,0,0
2016-09-19,48.94,5.62,29.98,0.4,23.5,6.31,33.13,31.108125,23.92,3.3,2016,7395314.0,-0.5768892883543146,262,0,0,0,0
2016-09-20,42.54,3.33,21.47,0.42,32.98,5.06,25.0,32.3575,23.88,3.7,2016,7395314.0,-0.5768892883543146,263,0,0,0,0
2016-09-21,33.13,3.87,21.66,0.36,31.78,3.96,23.36,33.606875,22.88,3.89,2016,7395314.0,-0.5768892883543146,264,0,0,0,0
2016-09-22,56.22,4.44,22.42,0.42,247.66,3.05,29.94,34.85625,23.49,4.52,2016,7395314.0,-0.5768892883543146,265,0,0,0,0
2016-09-23,100.52,5.2,25.55,0.57,69.29,8.75,18.98,36.105625,23.78,4.22,2016,7395314.0,-0.5768892883543146,266,0,0,0,0
2016-09-24,104.82,9.31,36.22,0.82,59.02,5.62,24.31,37.355000000000004,24.07,4.81,2016,7395314.0,-0.5768892883543146,267,0,0,0,0
2016-09-25,129.15,7.15,31.8,0.68,64.19,5.205,22.165,38.604375000000005,24.47,3.82,2016,7395314.0,-0.5768892883543146,268,0,0,0,0
2016-09-26,117.36,7.53,29.76,0.87,69.36,4.79,20.02,39.853750000000005,24.95,3.09,2016,7395314.0,-0.5768892883543146,269,0,0,0,0
2016-09-27,99.96,6.25,22.51,0.68,83.28999999999999,4.76,17.12,41.103125000000006,23.03,2.27,2016,7395314.0,-0.5768892883543146,270,0,0,0,0
2016-09-28,95.22,9.28,22.49,0.87,97.22,4.73,14.22,42.352500000000006,23.6,2.05,2016,7395314.0,-0.5768892883543146,271,0,0,0,0
2016-09-29,64.12,7.94,16.65,0.65,74.07,6.34,21.48,43.60187500000001,24.3,2.1,2016,7395314.0,-0.5768892883543146,272,0,0,0,0
2016-09-30,121.59,5.0,20.34,0.7,78.0,3.34,15.3,44.85125000000001,24.87,3.03,2016,7395314.0,-0.5768892883543146,273,0,0,0,0
2016-10-01,101.53,10.01,23.95,0.68,61.07,3.5,32.15,46.10062500000001,24.62,2.57,2016,7395314.0,-0.5768892883543146,274,0,0,0,0
2016-10-02,105.0,16.45,31.61,1.13,103.96,3.17,46.46,47.35,23.62,1.73,2016,7395314.0,-0.5768892883543146,275,0,0,0,0
2016-10-03,125.74,11.82,27.79,0.97,87.67,6.9,40.09,33.17,24.9,0.81,2016,7395314.0,-0.5768892883543146,276,0,0,0,0
2016-10-04,106.59,10.54,21.27,0.95,33.31,1.59,5.69,18.990000000000006,24.14,1.67,2016,7395314.0,-0.5768892883543146,277,0,0,0,0
2016-10-05,94.89,12.9,21.22,0.92,27.07,3.22,11.1,4.81,24.82,2.47,2016,7395314.0,-0.5768892883543146,278,0,0,0,0
2016-10-06,78.26,12.67,21.69,0.81,18.465,3.25,9.29,2.5749999999999997,23.81,2.12,2016,7395314.0,-0.5768892883543146,279,0,0,0,0
2016-10-07,143.79,17.19,30.92,1.14,9.86,3.28,7.48,0.34,23.44,2.31,2016,7395314.0,-0.5768892883543146,280,0,0,0,0
2016-10-08,89.02,20.62,27.17,1.11,26.595,2.94,6.075,0.0,24.86,2.74,2016,7395314.0,-0.5768892883543146,281,0,0,0,0
2016-10-09,83.63,15.39,20.62,0.99,43.33,2.6,4.67,0.0,23.77,2.91,2016,7395314.0,-0.5768892883543146,282,0,0,0,0
2016-10-10,73.95,14.8,20.46,1.11,20.5,3.43,18.13,0.0,23.93,2.86,2016,7395314.0,-0.5768892883543146,283,0,0,0,0
2016-10-11,68.62,11.71,17.24,1.02,52.07,2.61,27.19,0.0,24.31,1.85,2016,7395314.0,-0.5768892883543146,284,0,0,0,0
2016-10-12,77.37,18.46,27.21,1.32,48.46,3.52,13.42,0.0,23.11,2.02,2016,7395314.0,-0.5768892883543146,285,0,0,0,0
2016-10-13,60.38,24.87,28.46,1.33,19.28,3.77,18.28,0.0,23.31,1.38,2016,7395314.0,-0.5768892883543146,286,0,0,0,0
2016-10-14,110.44,33.295,44.510000000000005,1.65375,10.01,3.44,18.83,0.0,23.79,1.78,2016,7395314.0,-0.5768892883543146,287,0,0,0,0
2016-10-15,160.5,41.72,60.56,1.9775,10.85,3.21,20.5,0.0,23.05,1.93,2016,7395314.0,-0.5768892883543146,288,0,0,0,0
2016-10-16,154.71,33.82,56.7,2.30125,51.230000000000004,3.375,21.68,0.0,23.08,1.49,2016,7395314.0,-0.5768892883543146,289,0,0,0,0
2016-10-17,181.69,30.33,52.89,2.625,91.61,3.54,22.86,0.0,23.43,1.23,2016,7395314.0,-0.5768892883543146,290,0,0,0,0
2016-10-18,185.01,29.63,50.74,2.9487499999999995,68.83,3.59,20.24,5.642857142857142,23.62,1.58,2016,7395314.0,-0.5768892883543146,291,0,0,0,0
2016-10-19,188.65,15.3,43.97,3.2725,72.44999999999999,3.5100000000000002,19.375,11.285714285714285,24.05,1.12,2016,7395314.0,-0.5768892883543146,292,0,0,0,0
2016-10-20,185.59,22.32,56.28,3.5962499999999995,76.07,3.43,18.51,16.928571428571427,23.58,1.51,2016,7395314.0,-0.5768892883543146,293,0,0,0,0
2016-10-21,203.65,32.98,57.4,3.92,83.24,3.75,20.29,22.57142857142857,23.28,1.47,2016,7395314.0,-0.5768892883543146,294,0,0,0,0
2016-10-22,207.79,39.4,52.03,1.72,108.85,3.92,22.94,28.21428571428571,23.7,1.58,2016,7395314.0,-0.5768892883543146,295,0,0,0,0
2016-10-23,184.8,38.16,55.54,1.12,74.99,3.38,20.84,33.857142857142854,22.75,1.75,2016,7395314.0,-0.5768892883543146,296,0,0,0,0
2016-10-24,186.95,43.29,56.5,1.11,80.4,3.83,19.66,39.5,23.09,1.73,2016,7395314.0,-0.5768892883543146,297,0,0,0,0
2016-10-25,218.54,43.75,54.62,0.82,115.62,6.08,30.65,15.3,23.89,1.28,2016,7395314.0,-0.5768892883543146,298,0,0,0,0
2016-10-26,114.57,18.92,53.69,0.61,93.95,6.01,45.96,11.5,23.57,1.61,2016,7395314.0,-0.5768892883543146,299,0,0,0,0
2016-10-27,159.26,44.8,80.5,0.73,78.52,3.39,42.49,7.7,23.34,1.86,2016,7395314.0,-0.5768892883543146,300,0,0,0,0
2016-10-28,117.43,66.58,68.61,0.83,76.68,1.98,37.6,3.9000000000000004,24.37,1.6,2016,7395314.0,-0.5768892883543146,301,0,0,0,0
2016-10-29,139.19,39.18,66.67,4.36,93.52,2.36,39.3,0.1,25.28,1.54,2016,7395314.0,-0.5768892883543146,302,0,0,0,0
2016-10-30,119.11,39.42,49.97,1.01,79.08,2.78,32.82,18.87,25.35,2.24,2016,7395314.0,-0.5768892883543146,303,0,0,0,0
2016-10-31,96.83,44.12,47.08,0.71,48.76,4.06,24.12,8.45,24.95,2.54,2016,7395314.0,-0.5768892883543146,304,0,0,0,0
2016-11-01,119.07499999999999,47.565,50.91,0.71,58.95,3.56,32.76,33.64,24.71,2.52,2016,7395314.0,-0.5768892883543146,305,0,0,0,0
2016-11-02,141.32,51.01,54.74,0.71,95.17,3.08,43.71,23.116666666666667,24.0,2.32,2016,7395314.0,-0.5768892883543146,306,0,0,0,0
2016-11-03,111.24,51.27,50.23,0.81,79.64,9.03,35.83,12.59333333333333,23.78,2.19,2016,7395314.0,-0.5768892883543146,307,0,0,0,0
2016-11-04,127.01,34.12,41.16,0.76,30.18,2.52,8.93,2.07,24.82,1.6,2016,7395314.0,-0.5768892883543146,308,0,0,0,0
2016-11-05,114.79,23.2,35.66,0.75,42.11,3.53,13.69,34.88,23.88,1.87,2016,7395314.0,-0.5768892883543146,309,0,0,0,0
2016-11-06,65.5,8.63,21.29,0.52,38.596666666666664,3.165,10.08,17.57,23.97,1.28,2016,7395314.0,-0.5768892883543146,310,0,0,0,0
2016-11-07,113.68,12.96,33.87,0.72,35.083333333333336,2.8,6.47,0.26,23.42,1.76,2016,7395314.0,-0.5768892883543146,311,0,0,0,0
2016-11-08,118.4,23.57,30.62,0.91,31.57,3.34,3.86,0.0,22.72,1.77,2016,7395314.0,-0.5768892883543146,312,0,0,0,0
2016-11-09,120.64,18.06,24.88,0.74,24.11,3.395,10.92,0.16666666666666666,21.81,1.79,2016,7395314.0,-0.5768892883543146,313,0,0,0,0
2016-11-10,137.26,21.92,27.28,0.83,20.5,3.45,17.98,0.3333333333333333,22.05,1.49,2016,7395314.0,-0.5768892883543146,314,0,0,0,0
2016-11-11,141.96,33.57,49.19,0.89,71.25,4.63,36.49,0.5,22.72,1.52,2016,7395314.0,-0.5768892883543146,315,0,0,0,0
2016-11-12,131.14,16.05,39.6,0.78,48.89,2.42,21.79,3.51,23.84,1.88,2016,7395314.0,-0.5768892883543146,316,0,0,0,0
2016-11-13,121.71,22.5,44.93,0.61,44.6,4.05,26.34,40.5,24.89,2.24,2016,7395314.0,-0.5768892883543146,317,0,0,0,0
2016-11-14,70.45,24.27,29.44,0.51,81.17,8.35,20.84,29.813333333333333,26.19,2.74,2016,7395314.0,-0.5768892883543146,318,0,0,0,0
2016-11-15,58.32,18.72,25.81,0.27,35.91,6.95,10.62,19.12666666666666,25.58,2.86,2016,7395314.0,-0.5768892883543146,319,0,0,0,0
2016-11-16,128.27,31.34,48.07,1.2,37.12,4.64,10.88,8.44,24.43,2.9,2016,7395314.0,-0.5768892883543146,320,0,0,0,0
2016-11-17,135.95,23.2,41.83,0.79,56.49,3.03,19.5,0.41,24.39,3.44,2016,7395314.0,-0.5768892883543146,321,0,0,0,0
2016-11-18,130.18,20.7,36.54,0.65,50.81,1.87,20.72,0.3075,22.66,2.64,2016,7395314.0,-0.5768892883543146,322,0,0,0,0
2016-11-19,149.45333333333335,25.94,43.87,0.7933333333333334,52.86,0.73,11.73,0.205,23.17,2.4,2016,7395314.0,-0.5768892883543146,323,0,0,0,0
2016-11-20,168.72666666666666,31.18,51.2,0.9366666666666668,55.68,3.725,27.395000000000003,0.10249999999999998,23.1,2.26,2016,7395314.0,-0.5768892883543146,324,0,0,0,0
2016-11-21,188.0,36.42,58.53,1.08,58.5,6.72,43.06,0.0,23.33,2.57,2016,7395314.0,-0.5768892883543146,325,0,0,0,0
2016-11-22,136.46,17.95,31.35,0.7,54.86,5.82,32.61,13.85,23.57,1.7,2016,7395314.0,-0.5768892883543146,326,0,0,0,0
2016-11-23,179.66,30.08,51.02,1.13,53.82,5.38,42.7,3.41,22.69,2.19,2016,7395314.0,-0.5768892883543146,327,0,0,0,0
2016-11-24,157.42,19.09,37.31,1.31,65.39,6.93,34.38,0.06,21.92,2.14,2016,7395314.0,-0.5768892883543146,328,0,0,0,0
2016-11-25,163.89,31.25,50.95,0.91,48.14,8.39,29.51,2.355,21.76,2.4,2016,7395314.0,-0.5768892883543146,329,0,0,0,0
2016-11-26,161.43,31.53,53.91,0.89,47.66,3.39,20.23,4.6499999999999995,22.54,1.64,2016,7395314.0,-0.5768892883543146,330,0,0,0,0
2016-11-27,172.52,37.35,55.22,0.88,43.23,5.37,25.27,6.944999999999999,22.89,1.8,2016,7395314.0,-0.5768892883543146,331,0,0,0,0
2016-11-28,179.15,48.08,65.85,0.93,49.09,8.02,43.09,9.24,23.4,1.81,2016,7395314.0,-0.5768892883543146,332,0,0,0,0
2016-11-29,197.33,29.68,54.79,1.08,57.0,5.24,35.5,2.2,22.98,1.84,2016,7395314.0,-0.5768892883543146,333,0,0,0,0
2016-11-30,169.94,24.64,45.9,0.99,47.96,4.34,26.44,14.6,21.84,1.97,2016,7395314.0,-0.5768892883543146,334,0,0,0,0
2016-12-01,135.52,17.13,36.86,0.72,81.19,4.27,38.76,14.61,21.01,2.99,2016,7395314.0,-0.5768892883543146,335,0,0,0,0
2016-12-02,74.69,23.07,35.22,0.69,104.98,2.73,42.53,14.620000000000001,22.2,3.46,2016,7395314.0,-0.5768892883543146,336,0,0,0,0
2016-12-03,109.17,28.94,40.36,0.94,74.36,5.3,21.13,14.63,22.42,3.68,2016,7395314.0,-0.5768892883543146,337,0,0,0,0
2016-12-04,132.87,26.18,36.04,0.93,37.31,2.04,5.17,14.64,23.17,2.75,2016,7395314.0,-0.5768892883543146,338,0,0,0,0
2016-12-05,127.2,43.5,69.96,0.9,33.23,7.1,17.02,11.45,23.56,2.18,2016,7395314.0,-0.5768892883543146,339,0,0,0,0
2016-12-06,151.54,44.14,101.27,1.0,30.246666666666666,5.335,11.965,8.925,22.03,2.79,2016,7395314.0,-0.5768892883543146,340,0,0,0,0
2016-12-07,133.64,36.77,90.65,1.01,27.263333333333335,3.57,6.91,6.4,21.64,2.43,2016,7395314.0,-0.5768892883543146,341,0,0,0,0
2016-12-08,133.52,36.02,85.16,1.06,24.28,3.47,4.05,14.333333333333332,23.26,1.74,2016,7395314.0,-0.5768892883543146,342,0,0,0,0
2016-12-09,136.65,25.79,74.49,0.84,24.950000000000003,3.48,11.0,22.266666666666666,22.29,1.88,2016,7395314.0,-0.5768892883543146,343,0,0,0,0
2016-12-10,131.55,28.8,96.71,0.99,25.62,3.49,17.95,30.2,20.58,2.24,2016,7395314.0,-0.5768892883543146,344,0,0,0,0
2016-12-11,136.35,26.25,86.99,0.93,60.94,5.75,30.79,41.1,20.33,1.99,2016,7395314.0,-0.5768892883543146,345,0,0,0,0
2016-12-12,131.18,16.79,62.71,0.92,89.96,2.21,20.8,0.67,20.29,4.04,2016,7395314.0,-0.5768892883543146,346,0,0,0,0
2016-12-13,156.245,32.9,86.385,1.11,144.01,2.33,24.69,0.0,20.11,3.59,2016,7395314.0,-0.5768892883543146,347,0,0,0,0
2016-12-14,181.31,49.01,110.06,1.3,41.78,3.8,14.16,2.5699999999999994,22.02,3.4,2016,7395314.0,-0.5768892883543146,348,0,0,0,0
2016-12-15,143.53,36.65,83.12,0.98,31.16,3.74,16.35,5.14,21.46,2.72,2016,7395314.0,-0.5768892883543146,349,0,0,0,0
2016-12-16,134.84,37.21,88.83,1.02,44.38,4.74,20.85,4.87,21.27,2.7,2016,7395314.0,-0.5768892883543146,350,0,0,0,0
2016-12-17,146.09,23.36,98.61,1.31,47.8,3.11,14.16,13.48,21.65,2.08,2016,7395314.0,-0.5768892883543146,351,0,0,0,0
2016-12-18,129.99,19.21,96.71,0.98,48.9,2.65,18.58,22.09,21.06,1.94,2016,7395314.0,-0.5768892883543146,352,0,0,0,0
2016-12-19,148.49,24.84,112.39,1.2,70.36,3.01,25.15,30.7,20.39,2.12,2016,7395314.0,-0.5768892883543146,353,0,0,0,0
2016-12-20,117.95,13.98,78.44,1.1,47.34,5.66,27.6,30.567099567099568,20.66,2.29,2016,7395314.0,-0.5768892883543146,354,0,0,0,0
2016-12-21,94.57,11.11,61.14,0.93,57.69,10.08,31.4,30.434199134199133,21.3,1.41,2016,7395314.0,-0.5768892883543146,355,0,0,0,0
2016-12-22,182.9,49.69,197.84,0.53,52.55,2.52,24.09,30.301298701298702,20.73,1.75,2016,7395314.0,-0.5768892883543146,356,0,0,0,0
2016-12-23,158.0,41.43,170.17,1.42,59.83,2.49,26.48,30.168398268398267,20.76,1.63,2016,7395314.0,-0.5768892883543146,357,0,0,0,0
2016-12-24,144.94,30.38,137.85,1.28,62.02,3.55,34.52,30.035497835497836,19.68,1.6,2016,7395314.0,-0.5768892883543146,358,0,0,0,0
2016-12-25,147.35,15.79,95.15,1.13,60.23,1.26,25.59,29.9025974025974,19.5,1.35,2016,7395314.0,-0.5768892883543146,359,0,0,0,0
2016-12-26,120.91,16.86,99.1,1.21,55.08,3.43,26.25,29.76969696969697,20.31,1.95,2016,7395314.0,-0.5768892883543146,360,0,0,0,0
2016-12-27,109.96,12.37,84.13,1.14,50.05,2.5,23.25,29.636796536796535,20.28,2.62,2016,7395314.0,-0.5768892883543146,361,0,0,0,0
2016-12-28,81.09,6.22,64.94,1.24,45.11,2.4,16.51,29.503896103896103,20.48,2.47,2016,7395314.0,-0.5768892883543146,362,0,0,0,0
2016-12-29,123.63,28.77,116.81,0.74,45.44,5.02,19.78,29.37099567099567,19.8,2.28,2016,7395314.0,-0.5768892883543146,363,0,0,0,0
2016-12-30,129.54,15.57,76.1,1.04,54.43,5.06,19.76,29.238095238095237,19.48,2.39,2016,7395314.0,-0.5768892883543146,364,0,0,0,0
2016-12-31,128.8,20.23,90.9,1.12,49.38,3.25,11.82,29.105194805194806,19.58,2.4,2016,7395314.0,-0.5768892883543146,365,0,0,0,0
2017-01-01,104.76,12.88,68.64,1.05,54.35,6.915000000000001,31.26,28.97229437229437,19.48,2.12,2017,7395314.0,-0.5768892883543146,366,0,0,0,0
2017-01-02,106.41,19.62,78.29,1.13,59.32,10.58,50.7,28.83939393939394,19.71,1.85,2017,7395314.0,-0.5768892883543146,367,0,0,0,0
2017-01-03,105.45,17.21,79.98,1.06,46.19,283.35,204.81,28.706493506493505,19.79,2.28,2017,7395314.0,-0.5768892883543146,368,0,0,0,0
2017-01-04,121.78,15.2,78.52,1.14,68.24,3.09,42.98,28.573593073593074,20.35,1.8,2017,7395314.0,-0.5768892883543146,369,0,0,0,0
2017-01-05,113.64,15.75,75.16,1.08,36.73,4.3,13.08,28.44069264069264,20.17,1.89,2017,7395314.0,-0.5768892883543146,370,0,0,0,0
2017-01-06,133.58,22.27,94.68,1.3,27.53,0.96,22.86,28.307792207792208,20.08,1.48,2017,7395314.0,-0.5768892883543146,371,0,0,0,0
2017-01-07,139.3,21.91,95.57,1.32,25.36,3.22,24.79,28.174891774891773,20.49,1.41,2017,7395314.0,-0.5768892883543146,372,0,0,0,0
2017-01-08,124.97,11.11,65.8,1.09,38.91,1.75,22.51,28.04199134199134,20.52,1.85,2017,7395314.0,-0.5768892883543146,373,0,0,0,0
2017-01-09,134.96,22.15,96.58,1.46,262.07,1.73,21.94,27.909090909090907,20.77,1.63,2017,7395314.0,-0.5768892883543146,374,0,0,0,0
2017-01-10,127.02,7.99,61.01,1.01,18.97,1.64,19.93,27.776190476190475,20.57,1.26,2017,7395314.0,-0.5768892883543146,375,0,0,0,0
2017-01-11,141.42,13.02,79.8,1.36,52.86,3.88,22.09,27.643290043290044,21.07,1.22,2017,7395314.0,-0.5768892883543146,376,0,0,0,0
2017-01-12,138.79,16.41,82.16,1.29,54.655,3.825,23.18,27.51038961038961,21.59,1.59,2017,7395314.0,-0.5768892883543146,377,0,0,0,0
2017-01-13,110.61,8.94,49.43,0.91,56.45,3.77,24.27,27.377489177489178,22.23,2.31,2017,7395314.0,-0.5768892883543146,378,0,0,0,0
2017-01-14,97.39,10.986666666666666,52.31,0.0,39.99,2.67,13.44,27.244588744588743,21.57,2.9,2017,7395314.0,-0.5768892883543146,379,0,0,0,0
2017-01-15,84.17,13.033333333333333,55.19,0.0,33.59,1.3,10.2,27.11168831168831,21.1,2.79,2017,7395314.0,-0.5768892883543146,380,0,0,0,0
2017-01-16,70.95,15.08,58.07,0.68,39.87,3.43,20.37,26.978787878787877,21.09,2.3,2017,7395314.0,-0.5768892883543146,381,0,0,0,0
2017-01-17,129.73,12.09,65.11,1.71,36.97,2.11,12.72,26.845887445887445,20.29,2.49,2017,7395314.0,-0.5768892883543146,382,0,0,0,0
2017-01-18,109.85,9.01,55.6,0.88,38.83,5.12,25.6,26.712987012987014,20.08,3.36,2017,7395314.0,-0.5768892883543146,383,0,0,0,0
2017-01-19,102.65,14.6,69.11,1.23,32.52,5.34,21.85,26.58008658008658,20.02,3.55,2017,7395314.0,-0.5768892883543146,384,0,0,0,0
2017-01-20,117.55,15.62,73.3,1.03,39.59,5.28,22.77,26.447186147186144,20.81,3.18,2017,7395314.0,-0.5768892883543146,385,0,0,0,0
2017-01-21,101.9,16.51,69.06,0.95,39.79,0.18,14.99,26.314285714285713,22.36,3.99,2017,7395314.0,-0.5768892883543146,386,0,0,0,0
2017-01-22,103.67,17.24,77.1,0.99,44.575,5.539999999999999,22.68,26.181385281385282,22.79,3.46,2017,7395314.0,-0.5768892883543146,387,0,0,0,0
2017-01-23,121.03,18.11,82.92,1.03,49.36,10.9,30.37,26.048484848484847,21.62,3.49,2017,7395314.0,-0.5768892883543146,388,0,0,0,0
2017-01-24,122.3,13.44,72.19,0.99,50.22,7.48,26.1,25.915584415584416,22.15,3.49,2017,7395314.0,-0.5768892883543146,389,0,0,0,0
2017-01-25,115.39,14.64,75.53,1.07,43.25,6.96,23.29,25.78268398268398,22.04,3.44,2017,7395314.0,-0.5768892883543146,390,0,0,0,0
2017-01-26,108.39,12.33,58.92,1.04,35.3,1.78,12.82,25.64978354978355,22.17,3.11,2017,7395314.0,-0.5768892883543146,391,0,0,0,0
2017-01-27,83.89,12.58,54.13,1.12,34.0,6.99,22.13,25.516883116883115,22.55,2.71,2017,7395314.0,-0.5768892883543146,392,0,0,0,0
2017-01-28,60.58,13.41,53.79,1.15,41.25333333333333,9.423333333333334,27.136666666666663,25.383982683982683,23.54,3.25,2017,7395314.0,-0.5768892883543146,393,0,0,0,0
2017-01-29,60.87,10.15,46.18,1.16,48.50666666666666,11.856666666666666,32.14333333333333,25.251082251082252,23.74,2.8,2017,7395314.0,-0.5768892883543146,394,0,0,0,0
2017-01-30,85.06,15.45,72.61,1.37,55.76,14.29,37.15,25.118181818181817,22.82,2.34,2017,7395314.0,-0.5768892883543146,395,0,0,0,0
2017-01-31,78.68,13.1,67.8,1.27,34.6,1.41,18.06,24.985281385281382,23.02,2.37,2017,7395314.0,-0.5768892883543146,396,0,0,0,0
2017-02-01,81.75,13.14,75.81,2.76,40.44,4.2,26.42,24.85238095238095,21.84,2.25,2017,7395314.0,-0.5768892883543146,397,0,0,0,0
2017-02-02,82.83,10.89,109.57,1.33,60.3,9.51,40.96,24.71948051948052,21.25,2.8,2017,7395314.0,-0.5768892883543146,398,0,0,0,0
2017-02-03,94.46,14.79,105.33,1.06,44.59,17.41,49.71,24.586580086580085,21.46,2.35,2017,7395314.0,-0.5768892883543146,399,0,0,0,0
2017-02-04,77.97333333333333,18.296666666666667,104.93333333333334,0.0,52.21,2.01,15.35,24.453679653679654,21.91,2.48,2017,7395314.0,-0.5768892883543146,400,0,0,0,0
2017-02-05,61.486666666666665,21.80333333333333,104.53666666666666,0.0,32.91,7.73,23.48,24.32077922077922,21.71,1.9,2017,7395314.0,-0.5768892883543146,401,0,0,0,0
2017-02-06,45.0,25.31,104.14,0.67,26.31,0.77,21.87,24.187878787878788,21.83,1.89,2017,7395314.0,-0.5768892883543146,402,0,0,0,0
2017-02-07,105.17,24.86,148.85,1.52,30.2,392.52,22.86,24.054978354978353,22.35,1.64,2017,7395314.0,-0.5768892883543146,403,0,0,0,0
2017-02-08,93.16,16.19,115.38,1.31,31.79,2.62,23.85,23.92207792207792,22.66,2.34,2017,7395314.0,-0.5768892883543146,404,0,0,0,0
2017-02-09,102.72,26.51,162.03,1.44,190.16,1.91,23.26,23.78917748917749,22.46,2.04,2017,7395314.0,-0.5768892883543146,405,0,0,0,0
2017-02-10,101.98,19.51,130.98,1.28,22.8,1.57,19.66,23.656277056277055,22.57,2.28,2017,7395314.0,-0.5768892883543146,406,0,0,0,0
2017-02-11,89.49,24.73,137.91,1.26,120.22,4.53,23.25,23.52337662337662,22.45,2.09,2017,7395314.0,-0.5768892883543146,407,0,0,0,0
2017-02-12,81.6,19.34,112.18,1.16,75.705,4.135,18.2,23.39047619047619,22.03,3.17,2017,7395314.0,-0.5768892883543146,408,0,0,0,0
2017-02-13,72.28,22.06,114.41,1.15,31.19,3.74,13.15,23.257575757575758,21.65,3.84,2017,7395314.0,-0.5768892883543146,409,0,0,0,0
2017-02-14,69.24,13.8,95.48,1.51,34.79,3.79,13.74,23.124675324675323,22.68,4.3,2017,7395314.0,-0.5768892883543146,410,0,0,0,0
2017-02-15,78.75,16.36,110.09,1.77,40.38,6.58,20.21,22.99177489177489,22.77,3.45,2017,7395314.0,-0.5768892883543146,411,0,0,0,0
2017-02-16,86.74,17.27,121.12,2.16,35.66,6.24,21.7,22.858874458874457,21.45,3.86,2017,7395314.0,-0.5768892883543146,412,0,0,0,0
2017-02-17,112.54,16.45,127.17,2.4,47.78,2.98,16.47,22.725974025974025,21.43,3.53,2017,7395314.0,-0.5768892883543146,413,0,0,0,0
2017-02-18,98.08,23.16,151.36,2.24,47.59,3.89,20.59,22.59307359307359,22.73,3.32,2017,7395314.0,-0.5768892883543146,414,0,0,0,0
2017-02-19,107.97,33.21,186.49,2.27,41.73,1.53,19.73,22.46017316017316,23.95,1.84,2017,7395314.0,-0.5768892883543146,415,0,0,0,0
2017-02-20,116.86,39.72,180.17,1.82,55.17,7.6,33.37,22.327272727272728,25.05,1.45,2017,7395314.0,-0.5768892883543146,416,0,0,0,0
2017-02-21,125.48,31.19,131.17,1.07,52.3,6.72,35.99,22.194372294372293,25.64,1.82,2017,7395314.0,-0.5768892883543146,417,0,0,0,0
2017-02-22,116.79,19.04,84.39,1.59,46.13,2.87,29.68,22.06147186147186,25.96,1.83,2017,7395314.0,-0.5768892883543146,418,0,0,0,0
2017-02-23,104.78,22.48,92.07,0.75,54.52,3.18,25.16,21.928571428571427,25.73,2.82,2017,7395314.0,-0.5768892883543146,419,0,0,0,0
2017-02-24,92.23,17.89,77.54,0.74,45.94,4.87,21.97,21.795670995670996,25.8,3.32,2017,7395314.0,-0.5768892883543146,420,0,0,0,0
2017-02-25,86.75,18.37,76.65,0.78,42.63,4.19,17.94,21.66277056277056,25.89,2.59,2017,7395314.0,-0.5768892883543146,421,0,0,0,0
2017-02-26,90.68,16.1,67.39,0.69,37.7,2.84,8.41,21.52987012987013,25.44,2.86,2017,7395314.0,-0.5768892883543146,422,0,0,0,0
2017-02-27,85.61,18.59,73.03,0.75,44.61,4.22,18.33,21.3969696969697,23.3,3.23,2017,7395314.0,-0.5768892883543146,423,0,0,0,0
2017-02-28,87.58,18.43,72.69,0.82,35.56,3.1,23.63,21.264069264069263,23.99,3.33,2017,7395314.0,-0.5768892883543146,424,0,0,0,0
2017-03-01,93.16,19.61,85.24,0.69,27.67,3.67,13.9,21.13116883116883,23.87,3.55,2017,7395314.0,-0.5768892883543146,425,0,0,0,0
2017-03-02,84.37,18.28,76.42,0.7,42.9,2.71,31.74,20.998268398268397,24.03,2.74,2017,7395314.0,-0.5768892883543146,426,0,0,0,0
2017-03-03,91.68,19.17,71.73,0.75,38.35,6.09,33.09,20.865367965367966,24.84,2.45,2017,7395314.0,-0.5768892883543146,427,0,0,0,0
2017-03-04,73.46,20.8,68.44,0.72,74.43,26.53,85.66,20.73246753246753,26.37,2.71,2017,7395314.0,-0.5768892883543146,428,0,0,0,0
2017-03-05,78.18,13.13,42.01,0.73,65.3,12.7,40.91,20.599567099567096,26.56,1.8,2017,7395314.0,-0.5768892883543146,429,0,0,0,0
2017-03-06,72.69,11.63,37.57,0.7,28.82,1.32,21.71,20.466666666666665,27.32,2.15,2017,7395314.0,-0.5768892883543146,430,0,0,0,0
2017-03-07,81.42,16.46,58.2,0.71,25.37,146.3,419.69,20.333766233766234,25.47,2.13,2017,7395314.0,-0.5768892883543146,431,0,0,0,0
2017-03-08,85.43,13.57,55.56,1.16,30.85,1.94,22.28,20.2008658008658,25.19,0.98,2017,7395314.0,-0.5768892883543146,432,0,0,0,0
2017-03-09,95.03,12.62,54.58,0.64,7.83,1.67,21.27,20.067965367965368,25.97,1.67,2017,7395314.0,-0.5768892883543146,433,0,0,0,0
2017-03-10,71.81,7.84,28.49,0.57,25.32,1.64,20.32,19.935064935064936,26.13,1.82,2017,7395314.0,-0.5768892883543146,434,0,0,0,0
2017-03-11,49.25,4.68,26.43,0.42,101.93,4.04,22.94,19.8021645021645,26.32,1.43,2017,7395314.0,-0.5768892883543146,435,0,0,0,0
2017-03-12,60.93,8.74,34.52,0.44,84.14500000000001,5.3100000000000005,22.415,19.669264069264067,25.8,1.35,2017,7395314.0,-0.5768892883543146,436,0,0,0,0
2017-03-13,57.57,5.86,33.03,0.45,66.36,6.58,21.89,19.536363636363635,26.75,1.83,2017,7395314.0,-0.5768892883543146,437,0,0,0,0
2017-03-14,71.02,11.32,40.51,0.67,32.04,7.13,21.12,19.403463203463204,25.22,2.5,2017,7395314.0,-0.5768892883543146,438,0,0,0,0
2017-03-15,61.43,11.79,38.8,0.68,27.27,8.72,23.44,19.27056277056277,25.09,3.27,2017,7395314.0,-0.5768892883543146,439,0,0,0,0
2017-03-16,63.94,8.9,30.02,0.61,38.08,6.33,23.84,19.137662337662334,24.54,1.8,2017,7395314.0,-0.5768892883543146,440,0,0,0,0
2017-03-17,48.09,10.19,47.4,0.28,54.65,8.5,38.94,19.004761904761907,26.34,1.03,2017,7395314.0,-0.5768892883543146,441,0,0,0,0
2017-03-18,88.12,11.7,56.51,0.96,44.51,8.09,25.73,18.87186147186147,27.77,1.63,2017,7395314.0,-0.5768892883543146,442,0,0,0,0
2017-03-19,80.9,7.39,28.34,0.6,42.72,7.18,21.63,18.738961038961037,27.54,2.29,2017,7395314.0,-0.5768892883543146,443,0,0,0,0
2017-03-20,50.46,7.38,38.47,0.39,54.43,8.34,27.07,18.606060606060606,27.81,1.69,2017,7395314.0,-0.5768892883543146,444,0,0,0,0
2017-03-21,94.38,10.5,52.61,0.73,48.93,8.8,27.7,18.473160173160174,26.71,2.2,2017,7395314.0,-0.5768892883543146,445,0,0,0,0
2017-03-22,106.65,24.31,114.92,1.22,58.5,8.12,30.3,18.34025974025974,26.41,2.39,2017,7395314.0,-0.5768892883543146,446,0,0,0,0
2017-03-23,100.53,16.16,81.52,0.96,75.7,8.72,34.61,18.207359307359305,26.06,2.24,2017,7395314.0,-0.5768892883543146,447,0,0,0,0
2017-03-24,105.4,8.13,68.55,0.83,88.54,9.18,38.39,18.074458874458873,26.32,2.89,2017,7395314.0,-0.5768892883543146,448,0,0,0,0
2017-03-25,113.26,13.42,59.88,0.95,54.63,8.51,33.31,17.941558441558442,26.72,2.9,2017,7395314.0,-0.5768892883543146,449,0,0,0,0
2017-03-26,118.39,5.5,39.7,0.58,54.98,7.81,25.07,17.808658008658007,27.17,3.27,2017,7395314.0,-0.5768892883543146,450,0,0,0,0
2017-03-27,117.02,2.24,22.52,0.33,53.88,8.71,39.7,17.675757575757572,26.59,3.19,2017,7395314.0,-0.5768892883543146,451,0,0,0,0
2017-03-28,55.18,4.84,35.49,0.38,101.95,4.79,51.57,17.542857142857144,27.54,3.1,2017,7395314.0,-0.5768892883543146,452,0,0,0,0
2017-03-29,86.53,2.55,41.12,0.88,55.08,1.9,23.53,17.40995670995671,28.12,2.51,2017,7395314.0,-0.5768892883543146,453,0,0,0,0
2017-03-30,63.5,2.93,34.63,0.78,65.3,3.14,38.43,17.277056277056275,28.04,2.58,2017,7395314.0,-0.5768892883543146,454,0,0,0,0
2017-03-31,99.19,17.89,77.3,1.41,80.45,5.07,54.65,17.144155844155843,28.1,3.39,2017,7395314.0,-0.5768892883543146,455,0,0,0,0
2017-04-01,108.56,12.5,62.67,1.03,45.96,5.08,21.45,17.011255411255412,28.54,2.01,2017,7395314.0,-0.5768892883543146,456,1,456,0,0
2017-04-02,103.27,7.6,46.68,0.85,42.9,1.71,26.44,16.878354978354977,29.57,2.34,2017,7395314.0,-0.5768892883543146,457,1,457,0,0
2017-04-03,107.22,9.34,50.71,1.0,41.98,11.73,36.6,16.745454545454542,29.39,2.56,2017,7395314.0,-0.5768892883543146,458,1,458,0,0
2017-04-04,98.82,2.93,32.55,0.84,44.61,4.91,27.73,16.61255411255411,29.24,2.47,2017,7395314.0,-0.5768892883543146,459,1,459,0,0
2017-04-05,78.49,2.25,24.35,0.76,50.52,10.72,26.95,16.47965367965368,30.1,1.47,2017,7395314.0,-0.5768892883543146,460,1,460,0,0
2017-04-06,49.41,4.37,24.78,0.51,41.47,7.686666666666667,25.076666666666664,16.346753246753245,30.59,1.86,2017,7395314.0,-0.5768892883543146,461,1,461,0,0
2017-04-07,81.29,5.11,29.23,0.86,32.42,4.653333333333333,23.203333333333333,16.213852813852814,30.23,1.92,2017,7395314.0,-0.5768892883543146,462,1,462,0,0
2017-04-08,103.36,12.79,43.86,1.03,23.37,1.62,21.33,16.080952380952382,30.79,2.93,2017,7395314.0,-0.5768892883543146,463,1,463,0,0
2017-04-09,88.21,12.03,38.18,0.88,52.36,1.86,22.74,15.948051948051948,30.07,2.61,2017,7395314.0,-0.5768892883543146,464,1,464,0,0
2017-04-10,92.01,12.16,37.02,1.22,25.15,1.64,20.17,15.815151515151515,30.41,2.52,2017,7395314.0,-0.5768892883543146,465,1,465,0,0
2017-04-11,90.2,9.4,33.63,0.79,66.01,4.05,22.84,15.682251082251081,30.9,2.66,2017,7395314.0,-0.5768892883543146,466,1,466,0,0
2017-04-12,84.83,6.99,20.14,0.75,66.45500000000001,4.05,24.689999999999998,15.549350649350648,29.53,2.75,2017,7395314.0,-0.5768892883543146,467,1,467,0,0
2017-04-13,105.33,16.27,53.73,1.05,66.9,4.05,26.54,15.416450216450215,29.44,2.91,2017,7395314.0,-0.5768892883543146,468,1,468,0,0
2017-04-14,104.14,12.36,44.66,0.97,61.65,5.38,29.94,15.283549783549782,28.97,2.63,2017,7395314.0,-0.5768892883543146,469,1,469,0,0
2017-04-15,104.39,19.02,57.32,0.97,64.78,2.44,22.86,15.15064935064935,29.45,2.29,2017,7395314.0,-0.5768892883543146,470,1,470,0,0
2017-04-16,99.5,9.46,33.37,0.86,61.620000000000005,2.255,25.785,15.017748917748916,30.46,1.86,2017,7395314.0,-0.5768892883543146,471,1,471,0,0
2017-04-17,79.62,9.51,26.67,0.87,58.46,2.07,28.71,14.884848484848485,30.2,2.05,2017,7395314.0,-0.5768892883543146,472,1,472,0,0
2017-04-18,65.29,6.45,19.85,0.75,45.09,3.88,22.08,14.751948051948052,29.82,1.44,2017,7395314.0,-0.5768892883543146,473,1,473,0,0
2017-04-19,82.62,7.61,20.92,0.78,48.95,8.12,21.59,14.619047619047617,30.38,1.7,2017,7395314.0,-0.5768892883543146,474,1,474,0,0
2017-04-20,50.46,9.68,24.95,0.62,38.43,6.56,8.58,14.486147186147186,30.12,1.76,2017,7395314.0,-0.5768892883543146,475,1,475,0,0
2017-04-21,79.43,7.85,20.03,0.73,30.76,3.86,19.03,14.35324675324675,27.54,2.35,2017,7395314.0,-0.5768892883543146,476,1,476,0,0
2017-04-22,59.32,7.34,15.06,0.69,30.84,5.34,19.65,14.22034632034632,28.92,2.38,2017,7395314.0,-0.5768892883543146,477,1,477,0,0
2017-04-23,60.96,5.5,5.29,0.72,33.64,2.6,13.9,14.087445887445888,29.18,2.55,2017,7395314.0,-0.5768892883543146,478,1,478,0,0
2017-04-24,50.195,5.825,12.34,0.0,43.83,3.72,27.69,13.954545454545453,29.94,2.23,2017,7395314.0,-0.5768892883543146,479,1,479,0,0
2017-04-25,39.43,6.15,19.39,0.44,38.41,2.85,13.82,13.821645021645022,30.06,2.31,2017,7395314.0,-0.5768892883543146,480,1,480,0,0
2017-04-26,127.27,19.36,68.1,1.68,62.32,4.44,43.37,13.688744588744587,28.6,1.44,2017,7395314.0,-0.5768892883543146,481,1,481,0,0
2017-04-27,98.66,11.6,40.28,0.99,48.2,3.44,20.97,13.555844155844156,29.59,1.87,2017,7395314.0,-0.5768892883543146,482,1,482,0,0
2017-04-28,83.33,9.26,33.75,0.95,180.25,3.45,28.31,13.422943722943721,30.51,0.99,2017,7395314.0,-0.5768892883543146,483,1,483,0,0
2017-04-29,76.76,13.31,44.18,0.87,21.17,3.41,24.75,13.29004329004329,30.85,0.83,2017,7395314.0,-0.5768892883543146,484,1,484,0,0
2017-04-30,113.29,16.43,57.12,0.91,32.255,3.5700000000000003,20.115000000000002,13.157142857142855,29.92,1.32,2017,7395314.0,-0.5768892883543146,485,1,485,0,0
2017-05-01,79.03,11.05,43.14,0.78,43.34,3.73,15.48,13.024242424242424,28.12,1.5,2017,7395314.0,-0.5768892883543146,486,1,486,0,0
2017-05-02,79.3,12.88,47.6,0.9,37.97,1.2,27.71,12.891341991341989,27.34,1.44,2017,7395314.0,-0.5768892883543146,487,1,487,0,0
2017-05-03,85.22,11.45,39.95,0.85,30.41,3.12,16.4,12.758441558441557,28.4,2.17,2017,7395314.0,-0.5768892883543146,488,1,488,0,0
2017-05-04,90.19,13.6,50.87,0.93,43.52,8.23,26.41,12.625541125541126,29.8,1.73,2017,7395314.0,-0.5768892883543146,489,1,489,0,0
2017-05-05,85.15,12.88,48.7,0.98,53.12,8.9,20.47,12.492640692640691,30.91,2.51,2017,7395314.0,-0.5768892883543146,490,1,490,0,0
2017-05-06,92.6,11.38,40.25,0.73,35.61,0.96,22.92,12.35974025974026,30.76,2.14,2017,7395314.0,-0.5768892883543146,491,1,491,0,0
2017-05-07,74.7,10.72,36.71,0.71,31.83,1.335,22.545,12.226839826839825,29.47,1.51,2017,7395314.0,-0.5768892883543146,492,1,492,0,0
2017-05-08,54.69,9.74,32.06,0.73,28.05,1.71,22.17,12.093939393939394,25.76,1.54,2017,7395314.0,-0.5768892883543146,493,1,493,0,0
2017-05-09,56.02,9.43,24.93,0.65,14.11,2.0,22.47,11.961038961038959,26.86,1.97,2017,7395314.0,-0.5768892883543146,494,1,494,0,0
2017-05-10,76.08,15.09,52.06,1.1,27.94,1.65,20.05,11.828138528138528,26.96,1.34,2017,7395314.0,-0.5768892883543146,495,1,495,0,0
2017-05-11,34.95,9.53,28.34,0.66,47.52,4.01,22.4,11.695238095238093,25.73,1.06,2017,7395314.0,-0.5768892883543146,496,1,496,0,0
2017-05-12,63.19,15.07,41.56,0.93,53.435,2.65,18.97,11.562337662337661,27.28,1.63,2017,7395314.0,-0.5768892883543146,497,1,497,0,0
2017-05-13,74.89,8.81,26.68,0.9,59.35,1.29,15.54,11.42943722943723,28.46,1.19,2017,7395314.0,-0.5768892883543146,498,1,498,0,0
2017-05-14,70.19,8.61,21.47,0.75,54.87,2.45,28.48,11.296536796536795,28.98,2.0,2017,7395314.0,-0.5768892883543146,499,1,499,0,0
2017-05-15,50.06,7.89,18.74,0.72,31.87,2.1,25.72,11.163636363636364,27.43,2.7,2017,7395314.0,-0.5768892883543146,500,1,500,0,0
2017-05-16,65.55,8.08,26.71,0.71,30.23,1.12,23.12,11.03073593073593,30.24,1.57,2017,7395314.0,-0.5768892883543146,501,1,501,0,0
2017-05-17,65.67,5.71,23.65,0.74,50.1,0.63,23.0,10.897835497835498,29.32,2.44,2017,7395314.0,-0.5768892883543146,502,1,502,0,0
2017-05-18,58.6,12.44,36.74,0.69,47.41,0.57,22.18,10.764935064935063,27.18,2.57,2017,7395314.0,-0.5768892883543146,503,1,503,0,0
2017-05-19,47.27,12.13,40.15,0.72,40.84,1.27,23.63,10.632034632034632,24.69,3.0,2017,7395314.0,-0.5768892883543146,504,1,504,0,0
2017-05-20,67.23,20.59,53.79,0.76,47.08,1.17,21.52,10.499134199134197,26.12,2.67,2017,7395314.0,-0.5768892883543146,505,1,505,0,0
2017-05-21,50.16,12.74,40.53,0.68,29.63,1.02,20.93,10.366233766233766,24.62,2.66,2017,7395314.0,-0.5768892883543146,506,1,506,0,0
2017-05-22,71.84,15.58,41.62,0.65,30.72,1.31,22.56,10.23333333333333,25.49,2.01,2017,7395314.0,-0.5768892883543146,507,1,507,0,0
2017-05-23,62.12,15.4,47.85,0.72,47.58,1.56,24.15,10.1004329004329,27.97,1.97,2017,7395314.0,-0.5768892883543146,508,1,508,0,0
2017-05-24,56.18,9.4,31.47,0.61,28.62,0.94,21.55,9.967532467532468,27.52,2.52,2017,7395314.0,-0.5768892883543146,509,1,509,0,0
2017-05-25,61.32,12.77,33.31,0.81,37.71,1.05,22.46,9.834632034632033,26.17,3.26,2017,7395314.0,-0.5768892883543146,510,1,510,0,0
2017-05-26,67.45,15.66,30.87,0.82,32.17,0.83,21.21,9.701731601731602,26.84,2.79,2017,7395314.0,-0.5768892883543146,511,1,511,0,0
2017-05-27,44.54,17.53,37.01,0.78,23.94,0.99,22.56,9.568831168831167,24.69,2.23,2017,7395314.0,-0.5768892883543146,512,1,512,0,0
2017-05-28,53.04,15.06,26.36,0.57,25.71,0.77,21.21,9.435930735930736,25.5,3.72,2017,7395314.0,-0.5768892883543146,513,1,513,0,0
2017-05-29,61.36,15.69,27.97,0.66,29.82,2.09,24.72,9.303030303030301,26.15,4.75,2017,7395314.0,-0.5768892883543146,514,1,514,0,0
2017-05-30,56.14,13.13,26.5,0.67,34.32,0.75,21.81,9.17012987012987,26.23,4.89,2017,7395314.0,-0.5768892883543146,515,1,515,0,0
2017-05-31,33.39,6.8,21.72,0.25,29.67,0.85,21.97,9.037229437229435,25.87,4.02,2017,7395314.0,-0.5768892883543146,516,1,516,0,0
2017-06-01,60.04,10.58,44.16,0.58,51.66,4.78,24.01,8.904329004329004,25.9,3.22,2017,7395314.0,-0.5768892883543146,517,1,517,0,0
2017-06-02,59.74,12.52,49.28,0.63,43.46,1.86,33.82,8.771428571428569,25.08,3.17,2017,7395314.0,-0.5768892883543146,518,1,518,0,0
2017-06-03,57.36,15.87,54.37,0.61,37.05,6.34,23.28,8.638528138528137,24.54,4.68,2017,7395314.0,-0.5768892883543146,519,1,519,0,0
2017-06-04,68.765,12.585,52.0,0.875,38.07,6.75,14.37,8.505627705627706,25.4,3.21,2017,7395314.0,-0.5768892883543146,520,1,520,0,0
2017-06-05,80.17,9.3,49.63,1.14,90.17,10.13,34.69,8.372727272727271,26.29,3.58,2017,7395314.0,-0.5768892883543146,521,1,521,0,0
2017-06-06,49.93,9.18,41.57,1.11,30.39,0.86,22.3,8.23982683982684,24.58,3.27,2017,7395314.0,-0.5768892883543146,522,1,522,0,0
2017-06-07,33.1,6.77,34.0,0.97,27.02,1.285,22.07,8.106926406926405,23.14,4.4,2017,7395314.0,-0.5768892883543146,523,1,523,0,0
2017-06-08,72.9,6.04,35.88,1.11,23.65,1.71,21.84,7.974025974025974,22.82,4.31,2017,7395314.0,-0.5768892883543146,524,1,524,0,0
2017-06-09,81.4,11.51,41.34,1.09,37.25,1.77,21.78,7.841125541125539,23.41,4.48,2017,7395314.0,-0.5768892883543146,525,1,525,0,0
2017-06-10,91.31,17.14,52.89,1.1,26.93,1.69,19.97,7.708225108225108,23.29,5.1,2017,7395314.0,-0.5768892883543146,526,1,526,0,0
2017-06-11,68.74,19.14,52.76,1.03,13.16,4.21,22.96,7.575324675324673,23.63,5.59,2017,7395314.0,-0.5768892883543146,527,1,527,0,0
2017-06-12,62.65,22.51,49.89,1.16,87.72,2.565,22.755000000000003,7.4424242424242415,23.76,4.29,2017,7395314.0,-0.5768892883543146,528,1,528,0,0
2017-06-13,82.68,16.65,45.6,1.32,29.17,0.92,22.55,7.30952380952381,25.02,3.72,2017,7395314.0,-0.5768892883543146,529,1,529,0,0
2017-06-14,93.08,15.91,49.04,1.23,25.34,0.66,22.03,7.176623376623375,25.54,3.31,2017,7395314.0,-0.5768892883543146,530,1,530,0,0
2017-06-15,110.66,17.76,49.57,1.26,34.36,0.74,22.25,7.043722943722944,25.48,3.61,2017,7395314.0,-0.5768892883543146,531,1,531,0,0
2017-06-16,88.34,15.96,41.51,1.13,35.25,1.05,23.74,6.910822510822509,24.42,3.65,2017,7395314.0,-0.5768892883543146,532,1,532,0,0
2017-06-17,92.78,16.78,42.08,1.26,34.07,1.33,24.09,6.777922077922078,23.56,3.96,2017,7395314.0,-0.5768892883543146,533,1,533,1,533
2017-06-18,91.79,8.76,28.54,1.19,28.42,0.73,22.2,6.645021645021643,25.03,3.67,2017,7395314.0,-0.5768892883543146,534,1,534,1,534
2017-06-19,87.82,7.57,30.08,1.11,27.89,0.82,22.42,6.512121212121212,23.3,3.52,2017,7395314.0,-0.5768892883543146,535,1,535,1,535
2017-06-20,87.79,3.72,29.06,1.2,30.88,0.71,22.41,6.379220779220777,24.63,3.95,2017,7395314.0,-0.5768892883543146,536,1,536,1,536
2017-06-21,114.13,6.23,40.36,1.21,26.99,0.78,22.86,6.246320346320346,24.71,4.16,2017,7395314.0,-0.5768892883543146,537,1,537,1,537
2017-06-22,67.84,5.39,30.24,1.24,32.82,0.97,23.94,6.113419913419911,24.58,3.86,2017,7395314.0,-0.5768892883543146,538,1,538,1,538
2017-06-23,38.83,18.02,40.65,1.13,36.8,0.83,23.26,5.9805194805194795,25.12,4.31,2017,7395314.0,-0.5768892883543146,539,1,539,1,539
2017-06-24,117.86,37.37,69.15,1.11,27.96,7.17,38.65,5.847619047619048,24.28,4.73,2017,7395314.0,-0.5768892883543146,540,1,540,1,540
2017-06-25,87.56,30.89,63.71,1.11,24.84,3.26,25.32,5.714718614718613,23.54,4.79,2017,7395314.0,-0.5768892883543146,541,1,541,1,541
2017-06-26,97.61,26.6,61.01,1.11,31.38,3.29,25.85,5.581818181818182,24.09,5.18,2017,7395314.0,-0.5768892883543146,542,1,542,1,542
2017-06-27,110.49,32.89,65.51,1.17,37.29,3.3,26.15,5.448917748917747,23.75,5.46,2017,7395314.0,-0.5768892883543146,543,1,543,1,543
2017-06-28,92.73,29.97,54.06,1.14,37.29,3.38,27.13,5.316017316017316,23.41,5.36,2017,7395314.0,-0.5768892883543146,544,1,544,1,544
2017-06-29,77.32,44.09,47.78,1.17,36.93,3.34,27.28,5.183116883116881,22.94,4.63,2017,7395314.0,-0.5768892883543146,545,1,545,1,545
2017-06-30,107.41,39.53,48.29,1.27,35.23,3.4,26.61,5.05021645021645,23.74,4.42,2017,7395314.0,-0.5768892883543146,546,1,546,1,546
2017-07-01,131.1,54.62,56.88,1.31,59.94,3.83,29.55,4.917316017316015,25.06,4.05,2017,7395314.0,-0.5768892883543146,547,1,547,1,547
2017-07-02,109.33,46.69,54.55,1.3,60.83,8.47,40.02,4.784415584415584,24.18,4.01,2017,7395314.0,-0.5768892883543146,548,1,548,1,548
2017-07-03,89.89,43.18,47.41,1.31,37.45,8.84,30.86,4.651515151515149,24.32,4.27,2017,7395314.0,-0.5768892883543146,549,1,549,1,549
2017-07-04,85.05,33.73,39.64,1.18,36.42,7.07,14.96,4.518614718614717,23.66,4.67,2017,7395314.0,-0.5768892883543146,550,1,550,1,550
2017-07-05,86.38,30.37,37.34,1.24,33.84,7.17,9.41,4.385714285714286,23.48,3.96,2017,7395314.0,-0.5768892883543146,551,1,551,1,551
2017-07-06,79.08,39.3,38.37,1.2,30.39,0.73,22.39,4.252813852813851,24.5,3.92,2017,7395314.0,-0.5768892883543146,552,1,552,1,552
2017-07-07,46.09,18.4,20.12,0.53,31.84,1.24,22.384999999999998,4.11991341991342,24.25,3.9,2017,7395314.0,-0.5768892883543146,553,1,553,1,553
2017-07-08,120.73,45.17,50.63,1.29,33.29,1.75,22.38,3.987012987012985,23.92,3.67,2017,7395314.0,-0.5768892883543146,554,1,554,1,554
2017-07-09,108.35,39.84,47.59,1.23,12.13,1.72,22.33,3.854112554112554,24.5,3.15,2017,7395314.0,-0.5768892883543146,555,1,555,1,555
2017-07-10,103.0,31.66,43.03,1.29,36.16,2.54,21.07,3.721212121212119,24.07,3.04,2017,7395314.0,-0.5768892883543146,556,1,556,1,556
2017-07-11,86.06,44.48,43.62,1.16,35.59,4.19,22.81,3.5883116883116877,23.62,4.02,2017,7395314.0,-0.5768892883543146,557,1,557,1,557
2017-07-12,76.88,28.38,36.45,1.25,68.09,3.8400000000000003,24.445,3.455411255411253,24.07,4.37,2017,7395314.0,-0.5768892883543146,558,1,558,1,558
2017-07-13,95.94,39.51,44.58,1.22,30.93,3.49,26.08,3.3225108225108215,24.06,4.66,2017,7395314.0,-0.5768892883543146,559,1,559,1,559
2017-07-14,96.86,30.48,39.16,1.29,35.3,3.32,25.4,3.1896103896103902,23.16,5.3,2017,7395314.0,-0.5768892883543146,560,1,560,1,560
2017-07-15,112.99,37.26,44.37,1.17,33.7,3.43,25.91,3.0567099567099554,23.82,4.78,2017,7395314.0,-0.5768892883543146,561,1,561,1,561
2017-07-16,96.7,29.87,41.73,1.06,26.19,3.29,25.2,2.923809523809524,24.51,5.34,2017,7395314.0,-0.5768892883543146,562,1,562,1,562
2017-07-17,110.72,24.4,38.18,1.15,34.96,3.39,25.89,2.7909090909090892,24.01,5.49,2017,7395314.0,-0.5768892883543146,563,1,563,1,563
2017-07-18,81.34,28.95,37.46,1.27,30.27,3.39,25.85,2.658008658008658,23.64,5.3,2017,7395314.0,-0.5768892883543146,564,1,564,1,564
2017-07-19,67.51,45.22,42.95,1.34,25.53,3.46,26.44,2.525108225108223,24.04,5.96,2017,7395314.0,-0.5768892883543146,565,1,565,1,565
2017-07-20,87.54,33.81,41.03,1.28,27.3,3.28,25.51,2.392207792207792,23.92,6.04,2017,7395314.0,-0.5768892883543146,566,1,566,1,566
2017-07-21,104.78,35.47,43.47,1.27,36.0,3.21,25.37,2.259307359307357,23.94,5.09,2017,7395314.0,-0.5768892883543146,567,1,567,1,567
2017-07-22,122.86,40.1,47.4,1.27,29.32,4.12,27.44,2.1264069264069256,25.59,4.54,2017,7395314.0,-0.5768892883543146,568,1,568,1,568
2017-07-23,116.83,33.9,44.04,1.2,27.62,4.13,27.02,1.9935064935064908,25.58,4.48,2017,7395314.0,-0.5768892883543146,569,1,569,1,569
2017-07-24,110.63,21.24,39.44,1.23,39.96,4.59,28.63,1.8606060606060595,24.65,4.5,2017,7395314.0,-0.5768892883543146,570,1,570,1,570
2017-07-25,98.98,19.03,36.54,1.14,42.11,3.33,27.19,1.7277056277056282,25.83,4.42,2017,7395314.0,-0.5768892883543146,571,1,571,1,571
2017-07-26,106.37,21.78,39.14,1.21,37.43,3.25,25.79,1.5948051948051933,25.99,4.47,2017,7395314.0,-0.5768892883543146,572,1,572,1,572
2017-07-27,94.22,25.45,38.95,1.19,39.48,3.49,26.73,1.461904761904762,25.67,4.5,2017,7395314.0,-0.5768892883543146,573,1,573,1,573
2017-07-28,75.24,20.64,34.41,1.09,32.43,3.23,25.42,1.3290043290043272,24.98,4.21,2017,7395314.0,-0.5768892883543146,574,1,574,1,574
2017-07-29,88.62,21.76,36.28,1.25,35.4,3.29,26.05,1.196103896103896,24.64,3.41,2017,7395314.0,-0.5768892883543146,575,1,575,1,575
2017-07-30,89.3,25.71,35.56,1.13,25.91,3.3,25.6,1.063203463203461,24.35,2.57,2017,7395314.0,-0.5768892883543146,576,1,576,1,576
2017-07-31,89.99,22.46,36.16,1.26,33.21,2.7,24.75,0.9303030303030297,24.14,2.26,2017,7395314.0,-0.5768892883543146,577,1,577,1,577
2017-08-01,84.83,15.44,31.53,1.34,40.9,1.07,15.2,0.7974025974025949,25.22,2.75,2017,7395314.0,-0.5768892883543146,578,1,578,1,578
2017-08-02,87.17,16.72,31.37,1.12,45.02,4.45,29.96,0.6645021645021636,24.84,3.1,2017,7395314.0,-0.5768892883543146,579,1,579,1,579
2017-08-03,73.71,20.96,33.34,1.19,33.46,7.25,32.19,0.5316017316017287,24.71,4.29,2017,7395314.0,-0.5768892883543146,580,1,580,1,580
2017-08-04,60.15,22.84,33.49,1.18,42.79,6.1,19.49,0.39870129870129745,24.5,4.27,2017,7395314.0,-0.5768892883543146,581,1,581,1,581
2017-08-05,78.28,27.02,37.27,1.23,48.01,11.69,27.84,0.26580086580086615,25.01,4.34,2017,7395314.0,-0.5768892883543146,582,1,582,1,582
2017-08-06,82.47,19.57,34.76,1.11,24.99,0.72,21.46,0.1329004329004313,25.25,3.79,2017,7395314.0,-0.5768892883543146,583,1,583,1,583
2017-08-07,86.96,18.79,37.02,1.22,293.95,2.92,24.51,0.0,25.33,3.13,2017,7395314.0,-0.5768892883543146,584,1,584,1,584
2017-08-08,102.97,17.61,36.48,1.2,35.24,1.8,22.49,0.00610738255033557,24.92,2.42,2017,7395314.0,-0.5768892883543146,585,1,585,1,585
2017-08-09,90.15,46.48,45.61,1.3,61.26,1.8,22.25,0.01221476510067114,24.53,2.2,2017,7395314.0,-0.5768892883543146,586,1,586,1,586
2017-08-10,69.44,32.71,39.99,1.22,14.5,3.36,20.75,0.01832214765100671,23.69,1.4,2017,7395314.0,-0.5768892883543146,587,1,587,1,587
2017-08-11,66.02,29.27,42.21,1.13,44.95,4.13,22.78,0.02442953020134228,23.02,1.71,2017,7395314.0,-0.5768892883543146,588,1,588,1,588
2017-08-12,65.45,19.62,38.65,1.1,103.04,3.8133333333333335,22.933333333333334,0.03053691275167785,23.14,2.4,2017,7395314.0,-0.5768892883543146,589,1,589,1,589
2017-08-13,116.98,27.65,39.69,1.15,110.72,3.4966666666666666,23.086666666666666,0.03664429530201342,23.17,2.07,2017,7395314.0,-0.5768892883543146,590,1,590,1,590
2017-08-14,116.78,24.77,42.78,1.13,118.4,3.18,23.24,0.04275167785234899,23.36,1.17,2017,7395314.0,-0.5768892883543146,591,1,591,1,591
2017-08-15,64.23,30.29,39.56,1.27,23.74,1.67,20.62,0.04885906040268456,23.21,1.17,2017,7395314.0,-0.5768892883543146,592,1,592,1,592
2017-08-16,58.98,19.9,30.81,1.93,16.73,1.86,22.27,0.05496644295302013,23.36,2.05,2017,7395314.0,-0.5768892883543146,593,1,593,1,593
2017-08-17,71.91,26.58,87.82,1.89,25.58,1.82,22.51,0.0610738255033557,22.62,2.83,2017,7395314.0,-0.5768892883543146,594,1,594,1,594
2017-08-18,53.27,22.29,48.19,1.17,27.04,1.78,22.91,0.06718120805369128,22.5,3.6,2017,7395314.0,-0.5768892883543146,595,1,595,1,595
2017-08-19,50.87,27.25,37.45,1.28,28.58,1.76,22.19,0.07328859060402684,22.75,4.32,2017,7395314.0,-0.5768892883543146,596,1,596,1,596
2017-08-20,63.7,37.65,39.34,1.32,23.84,1.72,21.48,0.07939597315436242,22.51,4.13,2017,7395314.0,-0.5768892883543146,597,1,597,1,597
2017-08-21,86.96,32.14,35.53,1.31,27.05,1.78,22.14,0.08550335570469798,22.53,3.63,2017,7395314.0,-0.5768892883543146,598,1,598,1,598
2017-08-22,85.37,28.67,33.82,1.4,30.34,1.71,21.49,0.09161073825503356,22.88,2.92,2017,7395314.0,-0.5768892883543146,599,1,599,1,599
2017-08-23,73.2,20.09,33.26,1.21,29.68,1.72,21.16,0.09771812080536912,23.24,2.69,2017,7395314.0,-0.5768892883543146,600,1,600,1,600
2017-08-24,59.91,26.95,34.97,1.23,122.96,1.66,21.47,0.1038255033557047,22.77,3.19,2017,7395314.0,-0.5768892883543146,601,1,601,1,601
2017-08-25,50.7,18.32,30.62,1.16,147.75,1.64,20.92,0.10993288590604026,22.97,3.52,2017,7395314.0,-0.5768892883543146,602,1,602,1,602
2017-08-26,69.9,25.86,31.51,1.21,21.49,2.45,22.88,0.11604026845637584,22.93,3.5,2017,7395314.0,-0.5768892883543146,603,1,603,1,603
2017-08-27,48.4,28.58,32.63,1.2,16.22,1.69,20.58,0.1221476510067114,22.99,4.25,2017,7395314.0,-0.5768892883543146,604,1,604,1,604
2017-08-28,85.42,40.03,37.89,1.36,27.27,1.74,21.02,0.12825503355704698,22.18,3.53,2017,7395314.0,-0.5768892883543146,605,1,605,1,605
2017-08-29,103.28,38.45,38.09,1.5,23.85,1.86,21.77,0.13436241610738256,23.05,4.44,2017,7395314.0,-0.5768892883543146,606,1,606,1,606
2017-08-30,90.59,24.25,31.56,1.29,33.58,1.81,21.87,0.1404697986577181,23.82,3.36,2017,7395314.0,-0.5768892883543146,607,1,607,1,607
2017-08-31,115.96,19.9,32.94,1.26,38.64,1.92,22.26,0.1465771812080537,23.98,2.15,2017,7395314.0,-0.5768892883543146,608,1,608,1,608
2017-09-01,89.68,31.4,34.44,1.31,47.08,5.56,31.34,0.15268456375838926,23.82,1.92,2017,7395314.0,-0.5768892883543146,609,1,609,1,609
2017-09-02,81.99,62.6,49.03,1.44,47.84,2.08,21.48,0.15879194630872484,23.22,0.92,2017,7395314.0,-0.5768892883543146,610,1,610,1,610
2017-09-03,59.57,41.25,44.64,1.27,46.3,7.11,32.39,0.1648993288590604,23.62,1.53,2017,7395314.0,-0.5768892883543146,611,1,611,1,611
2017-09-04,99.32,57.41,49.05,1.45,36.1,6.32,9.03,0.17100671140939597,23.54,1.28,2017,7395314.0,-0.5768892883543146,612,1,612,1,612
2017-09-05,96.34,32.5,38.67,1.34,74.44,7.21,32.24,0.17711409395973154,23.56,1.74,2017,7395314.0,-0.5768892883543146,613,1,613,1,613
2017-09-06,43.58,39.99,41.46,1.37,31.37,1.41,23.74,0.18322147651006712,22.97,1.22,2017,7395314.0,-0.5768892883543146,614,1,614,1,614
2017-09-07,103.61,37.18,47.76,1.38,31.86,3.38,27.05,0.18932885906040267,22.8,1.44,2017,7395314.0,-0.5768892883543146,615,1,615,1,615
2017-09-08,70.58,29.35,45.81,1.36,37.44,1.76,22.66,0.19543624161073825,23.97,1.38,2017,7395314.0,-0.5768892883543146,616,1,616,1,616
2017-09-09,84.64,33.14,49.19,1.36,32.94,1.74,21.6,0.20154362416107383,23.96,1.28,2017,7395314.0,-0.5768892883543146,617,1,617,1,617
2017-09-10,96.23,58.45,54.09,1.37,23.24,3.59,21.54,0.2076510067114094,23.24,1.76,2017,7395314.0,-0.5768892883543146,618,1,618,1,618
2017-09-11,115.32,39.9,62.58,1.44,37.04,4.03,22.43,0.21375838926174495,23.87,2.32,2017,7395314.0,-0.5768892883543146,619,1,619,1,619
2017-09-12,101.65,28.64,60.87,1.42,90.65,2.915,22.385,0.21986577181208053,23.82,2.52,2017,7395314.0,-0.5768892883543146,620,1,620,1,620
2017-09-13,108.9,25.47,58.73,1.37,15.19,1.8,22.34,0.2259731543624161,23.78,2.26,2017,7395314.0,-0.5768892883543146,621,1,621,1,621
2017-09-14,87.87,18.48,43.54,1.29,13.98,1.74,21.38,0.23208053691275168,23.75,1.46,2017,7395314.0,-0.5768892883543146,622,1,622,1,622
2017-09-15,76.32,28.24,52.71,1.31,13.5,2.23,21.93,0.23818791946308723,22.68,2.21,2017,7395314.0,-0.5768892883543146,623,1,623,1,623
2017-09-16,87.31,29.88,55.05,1.3,13.28,1.73,21.02,0.2442953020134228,22.61,3.0,2017,7395314.0,-0.5768892883543146,624,1,624,1,624
2017-09-17,51.57,27.99,51.23,1.34,11.02,1.61,19.93,0.25040268456375836,21.69,4.11,2017,7395314.0,-0.5768892883543146,625,1,625,1,625
2017-09-18,65.67,23.03,44.51,1.3,12.43,1.6,20.08,0.25651006711409396,21.64,4.68,2017,7395314.0,-0.5768892883543146,626,1,626,1,626
2017-09-19,88.08,18.84,41.52,1.19,13.31,1.66,20.55,0.2626174496644295,22.17,4.3,2017,7395314.0,-0.5768892883543146,627,1,627,1,627
2017-09-20,80.02,14.15,38.8,1.39,13.53,1.74,20.8,0.2687248322147651,21.81,4.13,2017,7395314.0,-0.5768892883543146,628,1,628,1,628
2017-09-21,60.19,14.51,32.71,0.86,15.77,1.63,20.35,0.27483221476510067,22.17,3.46,2017,7395314.0,-0.5768892883543146,629,1,629,1,629
2017-09-22,77.07,16.48,41.41,1.26,25.85,1.69,20.59,0.2809395973154362,22.36,2.37,2017,7395314.0,-0.5768892883543146,630,1,630,1,630
2017-09-23,92.8,26.15,55.18,1.31,24.83,1.69,20.84,0.2870469798657718,23.6,1.38,2017,7395314.0,-0.5768892883543146,631,1,631,1,631
2017-09-24,107.9,28.29,57.58,1.24,25.65,1.6,20.54,0.2931543624161074,22.79,1.49,2017,7395314.0,-0.5768892883543146,632,1,632,1,632
2017-09-25,54.85,20.22,49.78,1.18,20.64,1.92,21.06,0.2992617449664429,21.57,2.61,2017,7395314.0,-0.5768892883543146,633,1,633,1,633
2017-09-26,78.24,14.34,40.47,1.21,17.16,1.6,20.8,0.3053691275167785,21.95,1.65,2017,7395314.0,-0.5768892883543146,634,1,634,1,634
2017-09-27,46.24,26.24,55.47,1.13,28.31,1.57,20.4,0.3114765100671141,21.73,1.13,2017,7395314.0,-0.5768892883543146,635,1,635,1,635
2017-09-28,59.32,7.59,33.43,0.84,21.96,1.31,16.18,0.3175838926174497,21.94,1.97,2017,7395314.0,-0.5768892883543146,636,1,636,1,636
2017-09-29,71.1,17.86,54.89,1.39,24.86,1.69,20.65,0.32369127516778523,21.68,2.02,2017,7395314.0,-0.5768892883543146,637,1,637,1,637
2017-09-30,71.61,16.22,44.91,1.28,37.35,1.65,20.24,0.3297986577181208,23.01,1.24,2017,7395314.0,-0.5768892883543146,638,1,638,1,638
2017-10-01,60.88,12.83,53.22,1.06,48.83,2.68,24.97,0.3359060402684564,21.98,1.51,2017,7395314.0,-0.5768892883543146,639,1,639,1,639
2017-10-02,55.0,12.6,48.74,1.42,45.99,3.73,21.01,0.34201342281879193,22.77,1.35,2017,7395314.0,-0.5768892883543146,640,1,640,1,640
2017-10-03,77.03,13.41,45.98,1.28,39.73,6.47,18.25,0.3481208053691275,22.16,1.01,2017,7395314.0,-0.5768892883543146,641,1,641,1,641
2017-10-04,62.8,7.68,38.3,1.09,53.07,7.09,15.91,0.3542281879194631,22.46,1.49,2017,7395314.0,-0.5768892883543146,642,1,642,1,642
2017-10-05,44.44,33.9,68.55,1.51,39.23,0.57,21.47,0.36033557046979864,22.42,1.4,2017,7395314.0,-0.5768892883543146,643,1,643,1,643
2017-10-06,58.23,20.67,54.73,1.43,27.09,0.88,22.49,0.36644295302013424,22.6,1.09,2017,7395314.0,-0.5768892883543146,644,1,644,1,644
2017-10-07,85.86,24.12,51.62,1.37,33.54,3.54,27.73,0.3725503355704698,21.91,1.52,2017,7395314.0,-0.5768892883543146,645,1,645,1,645
2017-10-08,70.52,17.42,44.37,1.37,23.74,1.79,22.54,0.37865771812080534,23.19,1.3,2017,7395314.0,-0.5768892883543146,646,1,646,1,646
2017-10-09,80.28,11.77,37.27,1.05,27.335,2.88,22.825,0.38476510067114095,23.0,1.33,2017,7395314.0,-0.5768892883543146,647,1,647,1,647
2017-10-10,75.79,20.74,47.39,1.35,30.93,3.97,23.11,0.3908724832214765,22.48,1.42,2017,7395314.0,-0.5768892883543146,648,1,648,1,648
2017-10-11,58.5,30.2,53.91,1.41,58.61,3.84,21.65,0.39697986577181205,22.96,0.99,2017,7395314.0,-0.5768892883543146,649,1,649,1,649
2017-10-12,55.55,20.89,52.42,1.25,80.21,3.87,22.125,0.40308724832214765,22.63,1.28,2017,7395314.0,-0.5768892883543146,650,1,650,1,650
2017-10-13,46.16,23.46,51.07,1.3,30.66,3.9,22.6,0.4091946308724832,22.53,1.2,2017,7395314.0,-0.5768892883543146,651,1,651,1,651
2017-10-14,43.58,23.39,44.32,1.33,42.73,3.89,22.51,0.4153020134228188,21.52,2.08,2017,7395314.0,-0.5768892883543146,652,1,652,1,652
2017-10-15,47.65,32.28,56.17,1.31,61.92,3.87,22.4,0.42140939597315435,21.65,2.48,2017,7395314.0,-0.5768892883543146,653,1,653,1,653
2017-10-16,80.35,26.62,46.93,1.27,29.73,3.96,23.27,0.4275167785234899,21.68,2.25,2017,7395314.0,-0.5768892883543146,654,1,654,1,654
2017-10-17,130.05,49.15,69.3,1.45,41.53,4.13,24.33,0.4336241610738255,21.52,1.59,2017,7395314.0,-0.5768892883543146,655,1,655,1,655
2017-10-18,184.49,41.94,67.7,1.63,57.25,4.11,24.25,0.43973154362416106,21.99,1.72,2017,7395314.0,-0.5768892883543146,656,1,656,1,656
2017-10-19,200.58,32.21,58.9,1.64,50.45,4.35,24.45,0.4458389261744966,22.54,1.49,2017,7395314.0,-0.5768892883543146,657,1,657,1,657
2017-10-20,264.19,29.9,56.44,1.65,68.85,4.13,27.14,0.4519463087248322,22.16,1.59,2017,7395314.0,-0.5768892883543146,658,1,658,1,658
2017-10-21,134.16,16.94,45.14,2.4,52.06,3.94,26.73,0.45805369127516776,22.61,1.32,2017,7395314.0,-0.5768892883543146,659,1,659,1,659
2017-10-22,120.67,17.01,43.95,2.26,34.72,3.93,23.05,0.46416107382550337,22.18,1.51,2017,7395314.0,-0.5768892883543146,660,1,660,1,660
2017-10-23,127.25,21.17,53.9,2.46,39.55,3.93,23.38,0.4702684563758389,20.3,1.59,2017,7395314.0,-0.5768892883543146,661,1,661,1,661
2017-10-24,181.16,55.78,105.12,2.51,65.69,4.23,25.03,0.47637583892617447,20.98,1.32,2017,7395314.0,-0.5768892883543146,662,1,662,1,662
2017-10-25,124.13,46.54,82.45,2.31,56.55,4.04,24.05,0.48248322147651007,21.76,1.52,2017,7395314.0,-0.5768892883543146,663,1,663,1,663
2017-10-26,88.21,47.05,71.25,2.32,39.34,4.01,23.47,0.4885906040268456,22.16,1.92,2017,7395314.0,-0.5768892883543146,664,1,664,1,664
2017-10-27,87.22,38.77,65.03,2.14,36.2,3.97,23.34,0.49469798657718117,21.51,2.17,2017,7395314.0,-0.5768892883543146,665,1,665,1,665
2017-10-28,92.89,42.49,73.1,2.38,60.0,4.05,23.17,0.5008053691275167,20.84,2.39,2017,7395314.0,-0.5768892883543146,666,1,666,1,666
2017-10-29,99.4,39.07,72.27,2.0,76.45,4.03,22.95,0.5069127516778523,20.81,2.39,2017,7395314.0,-0.5768892883543146,667,1,667,1,667
2017-10-30,85.11,29.29,61.9,1.7,78.24,4.0,22.95,0.5130201342281879,20.34,3.32,2017,7395314.0,-0.5768892883543146,668,1,668,1,668
2017-10-31,94.53,40.1,73.49,1.16,99.8,4.1,22.92,0.5191275167785234,20.78,2.78,2017,7395314.0,-0.5768892883543146,669,1,669,1,669
2017-11-01,37.3,10.83,24.6,0.44,53.45,4.68,35.02,0.525234899328859,21.37,2.85,2017,7395314.0,-0.5768892883543146,670,1,670,1,670
2017-11-02,44.73,14.8,30.23,0.38,39.92,3.83,22.12,0.5313422818791946,20.35,2.54,2017,7395314.0,-0.5768892883543146,671,1,671,1,671
2017-11-03,107.23,35.86,67.82,0.99,37.43,8.13,25.65,0.5374496644295302,19.7,2.86,2017,7395314.0,-0.5768892883543146,672,1,672,1,672
2017-11-04,82.29,47.15,79.41,1.12,39.95,5.53,5.91,0.5435570469798657,19.92,2.98,2017,7395314.0,-0.5768892883543146,673,1,673,1,673
2017-11-05,48.49,53.27,68.86,1.02,52.82,1.66,68.94,0.5496644295302013,20.86,3.06,2017,7395314.0,-0.5768892883543146,674,1,674,1,674
2017-11-06,34.77,30.73,55.14,0.6,19.91,0.95,22.55,0.5557718120805369,21.07,2.8,2017,7395314.0,-0.5768892883543146,675,1,675,1,675
2017-11-07,73.2,40.85,84.59,1.23,29.13,3.81,26.55,0.5618791946308724,21.21,2.17,2017,7395314.0,-0.5768892883543146,676,1,676,1,676
2017-11-08,37.22,30.33,65.51,1.14,25.68,1.74,21.58,0.567986577181208,21.12,2.5,2017,7395314.0,-0.5768892883543146,677,1,677,1,677
2017-11-09,98.53,35.28,91.16,2.22,25.11,2.835,22.195,0.5740939597315436,19.92,2.22,2017,7395314.0,-0.5768892883543146,678,1,678,1,678
2017-11-10,52.22,24.05,59.67,0.8,24.54,3.93,22.81,0.5802013422818791,19.61,2.15,2017,7395314.0,-0.5768892883543146,679,1,679,1,679
2017-11-11,89.77,26.93,80.66,1.36,52.06,3.96,21.95,0.5863087248322147,19.53,2.23,2017,7395314.0,-0.5768892883543146,680,1,680,1,680
2017-11-12,89.59,28.3,86.12,1.35,57.92,3.975,21.725,0.5924161073825503,19.58,2.38,2017,7395314.0,-0.5768892883543146,681,1,681,1,681
2017-11-13,80.29,29.84,85.2,1.23,49.75,3.99,21.5,0.5985234899328858,20.64,2.07,2017,7395314.0,-0.5768892883543146,682,1,682,1,682
2017-11-14,79.89,20.29,63.91,1.33,42.97,3.96,21.51,0.6046308724832214,21.3,1.67,2017,7395314.0,-0.5768892883543146,683,1,683,1,683
2017-11-15,77.34,9.99,51.63,1.3,49.17,3.98,21.41,0.610738255033557,21.83,1.68,2017,7395314.0,-0.5768892883543146,684,1,684,1,684
2017-11-16,91.61,24.18,78.16,1.37,62.18,4.02,21.82,0.6168456375838927,21.53,1.94,2017,7395314.0,-0.5768892883543146,685,1,685,1,685
2017-11-17,90.71,12.15,61.35,1.47,56.08,4.0,21.57,0.6229530201342282,22.29,1.02,2017,7395314.0,-0.5768892883543146,686,1,686,1,686
2017-11-18,65.07,20.6,64.33,0.94,60.32,4.01,21.66,0.6290604026845638,22.42,1.64,2017,7395314.0,-0.5768892883543146,687,1,687,1,687
2017-11-19,80.84,31.53,85.42,1.38,52.5,3.92,21.27,0.6351677852348994,22.29,1.8,2017,7395314.0,-0.5768892883543146,688,1,688,1,688
2017-11-20,82.87,35.56,89.73,1.49,56.52,4.0,21.44,0.6412751677852349,21.8,1.82,2017,7395314.0,-0.5768892883543146,689,1,689,1,689
2017-11-21,48.27,31.74,67.42,1.31,45.1,3.98,21.35,0.6473825503355705,21.73,1.95,2017,7395314.0,-0.5768892883543146,690,1,690,1,690
2017-11-22,56.18,31.2,75.91,1.22,82.87,4.09,21.82,0.6534899328859061,21.34,1.99,2017,7395314.0,-0.5768892883543146,691,1,691,1,691
2017-11-23,75.31,31.36,96.37,1.48,66.5,3.97,21.51,0.6595973154362416,20.41,1.64,2017,7395314.0,-0.5768892883543146,692,1,692,1,692
2017-11-24,99.08,31.3,97.49,1.4,33.36,4.03,21.31,0.6657046979865772,20.82,1.65,2017,7395314.0,-0.5768892883543146,693,1,693,1,693
2017-11-25,101.56,37.45,105.25,1.42,36.152857142857144,4.295714285714286,21.82,0.6718120805369128,20.14,1.99,2017,7395314.0,-0.5768892883543146,694,1,694,1,694
2017-11-26,87.59,39.12,104.53,1.38,38.94571428571429,4.561428571428571,22.33,0.6779194630872483,20.16,2.41,2017,7395314.0,-0.5768892883543146,695,1,695,1,695
2017-11-27,75.49,43.08,101.56,1.36,41.738571428571426,4.827142857142857,22.84,0.6840268456375839,20.99,2.59,2017,7395314.0,-0.5768892883543146,696,1,696,1,696
2017-11-28,83.85,40.67,101.98,1.42,44.53142857142857,5.0928571428571425,23.349999999999998,0.6901342281879195,20.48,2.34,2017,7395314.0,-0.5768892883543146,697,1,697,1,697
2017-11-29,81.99,26.83,76.36,1.1,47.324285714285715,5.3585714285714285,23.86,0.696241610738255,20.01,2.81,2017,7395314.0,-0.5768892883543146,698,1,698,1,698
2017-11-30,49.12,24.16,58.66,1.48,50.11714285714285,5.624285714285714,24.369999999999997,0.7023489932885906,20.44,3.66,2017,7395314.0,-0.5768892883543146,699,1,699,1,699
2017-12-01,29.71,23.753125,57.85124999999999,1.31,52.91,5.89,24.88,0.7084563758389262,21.43,4.37,2017,7395314.0,-0.5768892883543146,700,1,700,1,700
2017-12-02,103.04,23.34625,57.0425,1.2,29.39,2.77,10.7,0.7145637583892618,18.97,3.38,2017,7395314.0,-0.5768892883543146,701,1,701,1,701
2017-12-03,86.83,22.939375000000002,56.23375,1.22,32.24,9.64,29.94,0.7206711409395973,19.71,2.28,2017,7395314.0,-0.5768892883543146,702,1,702,1,702
2017-12-04,119.04,22.5325,55.425,1.47,46.035,5.355,19.275,0.7267785234899329,20.9,1.75,2017,7395314.0,-0.5768892883543146,703,1,703,1,703
2017-12-05,85.2,22.125625,54.616249999999994,1.34,59.83,1.07,8.61,0.7328859060402685,20.95,1.32,2017,7395314.0,-0.5768892883543146,704,1,704,1,704
2017-12-06,112.73,21.71875,53.8075,1.38,23.24,1.08,22.72,0.738993288590604,21.31,1.22,2017,7395314.0,-0.5768892883543146,705,1,705,1,705
2017-12-07,103.2,21.311875,52.998749999999994,1.26,28.21,3.49,26.05,0.7451006711409396,20.49,1.53,2017,7395314.0,-0.5768892883543146,706,1,706,1,706
2017-12-08,128.19,20.905,52.19,1.24,21.795,2.7550000000000003,24.8,0.7512080536912752,19.16,1.61,2017,7395314.0,-0.5768892883543146,707,1,707,1,707
2017-12-09,134.25,20.498125,51.381249999999994,1.32,15.38,2.02,23.55,0.7573154362416107,19.43,1.51,2017,7395314.0,-0.5768892883543146,708,1,708,1,708
2017-12-10,136.95,20.091250000000002,50.5725,1.27,30.99,4.13,22.8,0.7634228187919463,19.08,1.8,2017,7395314.0,-0.5768892883543146,709,1,709,1,709
2017-12-11,49.2,19.684375,49.76375,0.54,40.02,3.9,21.42,0.7695302013422819,19.92,1.16,2017,7395314.0,-0.5768892883543146,710,1,710,1,710
2017-12-12,25.98,19.2775,48.955,0.2,79.35666666666665,3.981818181818182,21.418636363636367,0.7756375838926174,20.41,1.02,2017,7395314.0,-0.5768892883543146,711,1,711,1,711
2017-12-13,106.89,18.870625,48.146249999999995,1.0,118.69333333333333,4.0636363636363635,21.417272727272728,0.781744966442953,20.08,1.27,2017,7395314.0,-0.5768892883543146,712,1,712,1,712
2017-12-14,91.34,18.46375,47.3375,1.26,158.03,4.1454545454545455,21.415909090909093,0.7878523489932886,20.37,1.76,2017,7395314.0,-0.5768892883543146,713,1,713,1,713
2017-12-15,72.06,18.056875,46.528749999999995,1.32,85.84,4.2272727272727275,21.414545454545458,0.7939597315436241,19.94,2.37,2017,7395314.0,-0.5768892883543146,714,1,714,1,714
2017-12-16,101.27,17.65,45.72,1.5,75.59,4.309090909090909,21.41318181818182,0.8000671140939597,19.58,2.89,2017,7395314.0,-0.5768892883543146,715,1,715,1,715
2017-12-17,94.44,17.243125,44.911249999999995,1.3,79.87,4.390909090909091,21.411818181818184,0.8061744966442953,18.36,3.26,2017,7395314.0,-0.5768892883543146,716,1,716,1,716
2017-12-18,105.18,16.83625,44.1025,1.26,86.41,4.472727272727273,21.410454545454545,0.8122818791946309,17.86,2.6,2017,7395314.0,-0.5768892883543146,717,1,717,1,717
2017-12-19,92.41,16.429375,43.293749999999996,1.33,76.16,4.554545454545455,21.40909090909091,0.8183892617449664,18.68,2.68,2017,7395314.0,-0.5768892883543146,718,1,718,1,718
2017-12-20,90.39,16.0225,42.485,1.38,108.33,4.636363636363637,21.407727272727275,0.824496644295302,18.54,2.59,2017,7395314.0,-0.5768892883543146,719,1,719,1,719
2017-12-21,78.72,15.615625000000001,41.676249999999996,1.33,81.66,4.718181818181818,21.406363636363636,0.8306040268456376,17.56,2.3,2017,7395314.0,-0.5768892883543146,720,1,720,1,720
2017-12-22,79.01,15.20875,40.8675,1.26,72.4,4.8,21.405,0.8367114093959731,19.03,2.51,2017,7395314.0,-0.5768892883543146,721,1,721,1,721
2017-12-23,82.02,14.801875,40.05875,1.13,56.1,4.881818181818182,21.403636363636366,0.8428187919463087,17.94,2.33,2017,7395314.0,-0.5768892883543146,722,1,722,1,722
2017-12-24,84.52666666666667,14.395000000000001,39.25,1.1466666666666665,49.21,4.963636363636364,21.402272727272727,0.8489261744966443,17.67,2.11,2017,7395314.0,-0.5768892883543146,723,1,723,1,723
2017-12-25,87.03333333333333,13.988125000000002,38.44125,1.1633333333333333,150.73,5.045454545454545,21.400909090909092,0.8550335570469798,17.89,2.15,2017,7395314.0,-0.5768892883543146,724,1,724,1,724
2017-12-26,89.54,13.58125,37.6325,1.18,62.95,5.127272727272727,21.399545454545457,0.8611409395973154,17.78,2.3,2017,7395314.0,-0.5768892883543146,725,1,725,1,725
2017-12-27,107.29,13.174375000000001,36.823750000000004,1.29,70.42,5.209090909090909,21.39818181818182,0.867248322147651,17.87,2.21,2017,7395314.0,-0.5768892883543146,726,1,726,1,726
2017-12-28,103.41,12.767500000000002,36.015,1.28,73.46,5.290909090909091,21.396818181818183,0.8733557046979865,16.77,2.22,2017,7395314.0,-0.5768892883543146,727,1,727,1,727
2017-12-29,95.27,12.360625,35.20625,1.28,39.23,5.372727272727273,21.395454545454545,0.8794630872483221,17.26,2.27,2017,7395314.0,-0.5768892883543146,728,1,728,1,728
2017-12-30,88.01,11.953750000000001,34.397499999999994,1.2,35.24,5.454545454545455,21.39409090909091,0.8855704697986577,18.05,1.97,2017,7395314.0,-0.5768892883543146,729,1,729,1,729
2017-12-31,76.69,11.546875000000002,33.58875,1.09,40.266666666666666,5.536363636363636,21.392727272727274,0.8916778523489932,18.72,1.6,2017,7395314.0,-0.5768892883543146,730,1,730,1,730
2018-01-01,93.04,11.14,32.78,1.05,45.29333333333334,5.618181818181818,21.391363636363636,0.8977852348993288,19.98,0.88,2018,7395314.0,-0.5768892883543146,731,1,731,1,731
2018-01-02,92.28,7.72,33.0,1.02,50.32,5.7,21.39,0.9038926174496644,20.0,1.17,2018,7395314.0,-0.5768892883543146,732,1,732,1,732
2018-01-03,82.1,10.15,38.71,1.11,44.12,5.392,19.23,0.91,20.18,1.28,2018,7395314.0,-0.5768892883543146,733,1,733,1,733
2018-01-04,95.24,9.09,44.11,0.95,39.06,5.084,17.07,0.76,19.48,1.91,2018,7395314.0,-0.5768892883543146,734,1,734,1,734
2018-01-05,111.5,10.84,52.0,1.07,34.0,4.776,14.91,0.73,18.11,1.78,2018,7395314.0,-0.5768892883543146,735,1,735,1,735
2018-01-06,107.03,8.65,44.1,1.0,28.94,4.468,12.75,0.76,17.38,1.41,2018,7395314.0,-0.5768892883543146,736,1,736,1,736
2018-01-07,101.85,9.49,45.08,0.98,14.53,4.16,10.59,0.65,17.64,1.49,2018,7395314.0,-0.5768892883543146,737,1,737,1,737
2018-01-08,93.43,7.37,42.5,1.08,28.63,4.6,18.41,0.67,17.29,2.15,2018,7395314.0,-0.5768892883543146,738,1,738,1,738
2018-01-09,93.42,7.29,39.52,1.12,30.63,3.03,9.26,0.76,19.01,2.59,2018,7395314.0,-0.5768892883543146,739,1,739,1,739
2018-01-10,81.92,7.9,33.42,0.99,32.74,3.61,16.43,0.43,20.94,3.01,2018,7395314.0,-0.5768892883543146,740,1,740,1,740
2018-01-11,80.88,13.95,61.36,1.06,16.98,4.7,29.48,0.57,22.02,2.38,2018,7395314.0,-0.5768892883543146,741,1,741,1,741
2018-01-12,105.6,16.23,51.29,1.09,34.67,4.89,37.76,0.72,21.99,2.41,2018,7395314.0,-0.5768892883543146,742,1,742,1,742
2018-01-13,151.16,16.34,53.85,1.02,48.96,2.22,11.26,0.7268181818181818,20.57,1.99,2018,7395314.0,-0.5768892883543146,743,1,743,1,743
2018-01-14,166.69,11.93,44.6,1.04,35.14,1.06,12.64,0.7336363636363636,20.2,2.25,2018,7395314.0,-0.5768892883543146,744,1,744,1,744
2018-01-15,146.23,8.52,37.6,1.01,45.6,1.01,13.51,0.7404545454545455,21.11,2.44,2018,7395314.0,-0.5768892883543146,745,1,745,1,745
2018-01-16,135.79,9.61,39.53,0.96,55.74,1.29,14.9,0.7472727272727272,21.05,1.6,2018,7395314.0,-0.5768892883543146,746,1,746,1,746
2018-01-17,153.14,8.67,37.79,1.02,63.93,1.0,10.2,0.754090909090909,20.06,1.96,2018,7395314.0,-0.5768892883543146,747,1,747,1,747
2018-01-18,152.43,11.5,46.26,1.43,51.36,0.87,7.44,0.7609090909090909,18.84,2.31,2018,7395314.0,-0.5768892883543146,748,1,748,1,748
2018-01-19,134.99,9.1,42.66,2.06,99.51,2.65,16.21,0.7677272727272727,18.35,2.17,2018,7395314.0,-0.5768892883543146,749,1,749,1,749
2018-01-20,164.12,10.88,47.23,2.03,37.8,3.88,24.92,0.7745454545454545,18.61,1.65,2018,7395314.0,-0.5768892883543146,750,1,750,1,750
2018-01-21,151.63,8.86,40.95,2.02,34.96,1.83,19.97,0.7813636363636364,18.84,2.08,2018,7395314.0,-0.5768892883543146,751,1,751,1,751
2018-01-22,173.81,8.06,39.81,2.03,42.42,2.24,22.76,0.7881818181818182,19.52,1.53,2018,7395314.0,-0.5768892883543146,752,1,752,1,752
2018-01-23,191.34,6.55,32.98,2.08,58.13,2.63,23.2,0.7949999999999999,20.62,1.38,2018,7395314.0,-0.5768892883543146,753,1,753,1,753
2018-01-24,175.1,8.84,36.91,1.97,57.0,3.46,22.01,0.8018181818181818,21.1,1.54,2018,7395314.0,-0.5768892883543146,754,1,754,1,754
2018-01-25,178.78,8.73,37.37,1.48,45.31,2.14,14.67,0.8086363636363636,20.44,1.77,2018,7395314.0,-0.5768892883543146,755,1,755,1,755
2018-01-26,164.26,8.09,41.38,0.82,49.09,2.19,14.3,0.8154545454545454,19.99,1.64,2018,7395314.0,-0.5768892883543146,756,1,756,1,756
2018-01-27,194.18,7.45,36.77,1.02,62.14,4.07,18.06,0.8222727272727273,20.24,1.55,2018,7395314.0,-0.5768892883543146,757,1,757,1,757
2018-01-28,177.0,10.13,48.22,1.19,46.41,2.52,12.22,0.8290909090909091,20.22,1.96,2018,7395314.0,-0.5768892883543146,758,1,758,1,758
2018-01-29,163.81,10.63,54.11,1.48,42.15,2.74,13.41,0.8359090909090909,20.11,2.49,2018,7395314.0,-0.5768892883543146,759,1,759,1,759
2018-01-30,167.4,8.55,37.07,1.28,65.31,3.65,16.98,0.8427272727272728,19.96,2.37,2018,7395314.0,-0.5768892883543146,760,1,760,1,760
2018-01-31,161.72,7.81,36.19,1.29,59.1,4.02,18.13,0.8495454545454545,19.81,2.16,2018,7395314.0,-0.5768892883543146,761,1,761,1,761
2018-02-01,157.07,11.85,45.97,1.34,49.2,4.16,17.52,0.8563636363636363,19.9,2.08,2018,7395314.0,-0.5768892883543146,762,1,762,1,762
2018-02-02,150.8,6.6,37.84,1.4,39.3,4.3,16.91,0.8631818181818182,20.0,2.04,2018,7395314.0,-0.5768892883543146,763,1,763,1,763
2018-02-03,153.43,8.2,41.1,1.45,24.18,4.2299999999999995,15.532,0.87,19.38,2.35,2018,7395314.0,-0.5768892883543146,764,1,764,1,764
2018-02-04,140.18,6.91,35.16,1.41,25.97,4.16,14.154,0.8,18.78,2.12,2018,7395314.0,-0.5768892883543146,765,1,765,1,765
2018-02-05,140.76,9.57,39.43,1.38,27.76,4.09,12.776,0.74,20.58,2.24,2018,7395314.0,-0.5768892883543146,766,1,766,1,766
2018-02-06,124.07,4.8,23.43,0.88,29.55,4.0200000000000005,11.398,0.95,22.64,1.88,2018,7395314.0,-0.5768892883543146,767,1,767,1,767
2018-02-07,141.28,6.49,24.78,1.31,10.57,3.95,10.02,0.62,21.61,1.78,2018,7395314.0,-0.5768892883543146,768,1,768,1,768
2018-02-08,133.01,11.09,37.96,1.45,28.79,4.49,12.74,0.81,22.2,0.95,2018,7395314.0,-0.5768892883543146,769,1,769,1,769
2018-02-09,138.71,6.59,29.64,1.36,29.0,3.17,13.02,0.7,22.77,0.95,2018,7395314.0,-0.5768892883543146,770,1,770,1,770
2018-02-10,127.22,10.0,34.94,1.3,22.45,3.11,14.87,0.3,22.02,1.82,2018,7395314.0,-0.5768892883543146,771,1,771,1,771
2018-02-11,149.69,7.39,27.51,1.3,13.81,5.0,22.92,0.71,22.62,2.7,2018,7395314.0,-0.5768892883543146,772,1,772,1,772
2018-02-12,132.35,7.42,28.37,1.52,22.36,4.67,35.77,0.65,22.73,2.54,2018,7395314.0,-0.5768892883543146,773,1,773,1,773
2018-02-13,1.57,0.04,0.19,1.4,40.67,4.609444444444445,34.602222222222224,1.02,21.96,2.41,2018,7395314.0,-0.5768892883543146,774,1,774,1,774
2018-02-14,3.1006400000000003,0.11142857142857143,0.9422580645161289,1.32,41.31,4.5488888888888885,33.434444444444445,0.95,22.05,3.2,2018,7395314.0,-0.5768892883543146,775,1,775,1,775
2018-02-15,4.63128,0.18285714285714286,1.694516129032258,1.26,42.99,4.488333333333333,32.266666666666666,1.02,19.99,2.8,2018,7395314.0,-0.5768892883543146,776,1,776,1,776
2018-02-16,6.161920000000001,0.2542857142857143,2.446774193548387,1.41,44.48,4.427777777777778,31.09888888888889,0.99,21.28,2.27,2018,7395314.0,-0.5768892883543146,777,1,777,1,777
2018-02-17,7.692560000000001,0.3257142857142857,3.199032258064516,1.37,47.93,4.367222222222222,29.931111111111115,1.02,21.84,1.82,2018,7395314.0,-0.5768892883543146,778,1,778,1,778
2018-02-18,9.2232,0.39714285714285713,3.951290322580645,1.29,36.14,4.306666666666667,28.763333333333335,0.89,22.13,2.12,2018,7395314.0,-0.5768892883543146,779,1,779,1,779
2018-02-19,10.753840000000002,0.4685714285714285,4.703548387096775,1.34,39.63,4.246111111111111,27.595555555555556,0.98,21.97,2.13,2018,7395314.0,-0.5768892883543146,780,1,780,1,780
2018-02-20,12.284480000000002,0.54,5.4558064516129035,1.48,38.0,4.185555555555555,26.427777777777777,0.97,22.39,2.54,2018,7395314.0,-0.5768892883543146,781,1,781,1,781
2018-02-21,13.815120000000002,0.6114285714285714,6.208064516129032,1.37,49.34,4.125,25.26,0.89,22.12,2.93,2018,7395314.0,-0.5768892883543146,782,1,782,1,782
2018-02-22,15.345760000000002,0.6828571428571428,6.960322580645162,1.23,53.82,4.064444444444445,24.092222222222222,0.92,22.62,2.51,2018,7395314.0,-0.5768892883543146,783,1,783,1,783
2018-02-23,16.8764,0.7542857142857143,7.712580645161291,0.99,54.36,4.003888888888889,22.924444444444447,0.92,22.1,2.82,2018,7395314.0,-0.5768892883543146,784,1,784,1,784
2018-02-24,18.407040000000002,0.8257142857142857,8.46483870967742,1.31,39.53,3.9433333333333334,21.756666666666668,0.91,21.67,2.58,2018,7395314.0,-0.5768892883543146,785,1,785,1,785
2018-02-25,19.937680000000004,0.8971428571428571,9.217096774193548,0.96,29.93,3.8827777777777777,20.58888888888889,0.91,22.5,2.86,2018,7395314.0,-0.5768892883543146,786,1,786,1,786
2018-02-26,21.468320000000002,0.9685714285714285,9.969354838709677,1.32,33.53,3.822222222222222,19.421111111111113,0.96,22.87,2.32,2018,7395314.0,-0.5768892883543146,787,1,787,1,787
2018-02-27,22.998960000000004,1.04,10.721612903225806,1.34,33.29,3.7616666666666667,18.253333333333334,0.87,23.05,3.06,2018,7395314.0,-0.5768892883543146,788,1,788,1,788
2018-02-28,24.529600000000002,1.1114285714285714,11.473870967741934,1.25,44.56,3.701111111111111,17.085555555555555,0.89,23.69,3.13,2018,7395314.0,-0.5768892883543146,789,1,789,1,789
2018-03-01,26.060240000000004,1.1828571428571428,12.226129032258063,0.73,39.17,3.6405555555555553,15.91777777777778,0.8933333333333333,23.37,2.76,2018,7395314.0,-0.5768892883543146,790,1,790,1,790
2018-03-02,27.590880000000002,1.2542857142857142,12.978387096774192,0.98,33.78,3.58,14.75,0.8966666666666667,23.95,2.97,2018,7395314.0,-0.5768892883543146,791,1,791,1,791
2018-03-03,29.121520000000004,1.3257142857142856,13.730645161290322,1.07,33.0025,3.696,14.09,0.9,24.29,2.33,2018,7395314.0,-0.5768892883543146,792,1,792,1,792
2018-03-04,30.652160000000002,1.397142857142857,14.482903225806451,1.27,32.225,3.8120000000000003,13.43,0.87,24.27,2.56,2018,7395314.0,-0.5768892883543146,793,1,793,1,793
2018-03-05,32.1828,1.4685714285714286,15.23516129032258,1.37,31.4475,3.928,12.77,0.64,24.46,2.69,2018,7395314.0,-0.5768892883543146,794,1,794,1,794
2018-03-06,33.713440000000006,1.54,15.987419354838709,1.26,30.67,4.0440000000000005,12.11,0.67,24.5,2.52,2018,7395314.0,-0.5768892883543146,795,1,795,1,795
2018-03-07,35.244080000000004,1.6114285714285714,16.73967741935484,1.2,18.16,4.16,11.45,0.68,24.63,2.85,2018,7395314.0,-0.5768892883543146,796,1,796,1,796
2018-03-08,36.77472,1.6828571428571428,17.491935483870968,1.2,29.45,4.09,17.34,0.63,25.12,3.0,2018,7395314.0,-0.5768892883543146,797,1,797,1,797
2018-03-09,38.30536000000001,1.7542857142857142,18.2441935483871,1.26,42.26,3.23,15.34,0.82,25.48,2.95,2018,7395314.0,-0.5768892883543146,798,1,798,1,798
2018-03-10,39.836000000000006,1.8257142857142856,18.996451612903225,1.2,24.07,3.23,15.1,0.33,25.87,3.11,2018,7395314.0,-0.5768892883543146,799,1,799,1,799
2018-03-11,41.366640000000004,1.897142857142857,19.748709677419356,1.03,20.67,4.72,19.55,0.7,25.74,3.6,2018,7395314.0,-0.5768892883543146,800,1,800,1,800
2018-03-12,42.89728,1.9685714285714284,20.500967741935483,1.56,22.8,4.63,33.31,0.72,25.48,3.81,2018,7395314.0,-0.5768892883543146,801,1,801,1,801
2018-03-13,44.42792000000001,2.04,21.253225806451614,1.89,21.910476190476192,4.438571428571429,31.793809523809525,0.81,25.5,3.64,2018,7395314.0,-0.5768892883543146,802,1,802,1,802
2018-03-14,45.958560000000006,2.111428571428571,22.005483870967744,1.94,21.02095238095238,4.247142857142857,30.277619047619048,0.76,25.5,2.97,2018,7395314.0,-0.5768892883543146,803,1,803,1,803
2018-03-15,47.489200000000004,2.182857142857143,22.75774193548387,1.87,20.13142857142857,4.055714285714286,28.761428571428574,0.82,25.47,1.37,2018,7395314.0,-0.5768892883543146,804,1,804,1,804
2018-03-16,49.01984000000001,2.254285714285714,23.51,1.66,19.241904761904763,3.8642857142857143,27.245238095238097,0.77,25.06,1.02,2018,7395314.0,-0.5768892883543146,805,1,805,1,805
2018-03-17,50.55048000000001,2.3257142857142856,23.75952380952381,2.05,18.352380952380955,3.6728571428571426,25.72904761904762,0.84,24.81,1.91,2018,7395314.0,-0.5768892883543146,806,1,806,1,806
2018-03-18,52.081120000000006,2.3971428571428572,24.00904761904762,2.18,17.462857142857143,3.4814285714285713,24.212857142857143,0.79,24.61,1.94,2018,7395314.0,-0.5768892883543146,807,1,807,1,807
2018-03-19,53.611760000000004,2.4685714285714284,24.25857142857143,1.73,16.573333333333334,3.29,22.696666666666665,0.81,25.2,2.9,2018,7395314.0,-0.5768892883543146,808,1,808,1,808
2018-03-20,55.14240000000001,2.54,24.50809523809524,1.84,15.683809523809526,3.0985714285714288,21.180476190476192,0.81,25.7,2.44,2018,7395314.0,-0.5768892883543146,809,1,809,1,809
2018-03-21,56.67304000000001,2.611428571428571,24.75761904761905,1.82,14.794285714285715,2.9071428571428575,19.664285714285715,0.82,26.14,1.26,2018,7395314.0,-0.5768892883543146,810,1,810,1,810
2018-03-22,58.203680000000006,2.682857142857143,25.00714285714286,1.74,13.904761904761905,2.7157142857142857,18.148095238095237,0.81,27.52,1.57,2018,7395314.0,-0.5768892883543146,811,1,811,1,811
2018-03-23,59.734320000000004,2.754285714285714,25.256666666666668,1.76,13.015238095238097,2.5242857142857145,16.63190476190476,0.77,27.68,2.38,2018,7395314.0,-0.5768892883543146,812,1,812,1,812
2018-03-24,61.26496000000001,2.8257142857142856,25.506190476190476,1.73,12.125714285714286,2.332857142857143,15.115714285714283,0.84,27.94,2.51,2018,7395314.0,-0.5768892883543146,813,1,813,1,813
2018-03-25,62.79560000000001,2.8971428571428572,25.755714285714287,1.74,11.236190476190478,2.1414285714285715,13.59952380952381,0.845,27.99,3.55,2018,7395314.0,-0.5768892883543146,814,1,814,1,814
2018-03-26,64.32624,2.9685714285714284,26.005238095238095,1.9133333333333333,10.346666666666668,1.9500000000000002,12.083333333333332,0.85,27.48,3.23,2018,7395314.0,-0.5768892883543146,815,1,815,1,815
2018-03-27,65.85688,3.04,26.254761904761907,2.0866666666666664,9.457142857142859,1.758571428571429,10.567142857142855,0.91,27.7,1.7,2018,7395314.0,-0.5768892883543146,816,1,816,1,816
2018-03-28,67.38752,3.111428571428571,26.504285714285714,2.26,8.567619047619049,1.5671428571428572,9.050952380952378,0.84,28.67,1.6,2018,7395314.0,-0.5768892883543146,817,1,817,1,817
2018-03-29,68.91816,3.182857142857143,26.753809523809522,1.87,7.6780952380952385,1.375714285714286,7.5347619047619006,0.84,28.7,1.03,2018,7395314.0,-0.5768892883543146,818,1,818,1,818
2018-03-30,70.4488,3.254285714285714,27.003333333333334,1.68,6.78857142857143,1.1842857142857146,6.018571428571427,0.78,29.18,1.16,2018,7395314.0,-0.5768892883543146,819,1,819,1,819
2018-03-31,71.97944,3.3257142857142856,27.252857142857142,1.81,5.8990476190476215,0.9928571428571433,4.50238095238095,0.85,27.37,1.8,2018,7395314.0,-0.5768892883543146,820,1,820,1,820
2018-04-01,73.51008,3.397142857142857,27.502380952380953,3.56,5.0095238095238095,0.8014285714285716,2.9861904761904725,0.8433333333333333,28.54,1.77,2018,7395314.0,-0.5768892883543146,821,1,821,1,821
2018-04-02,75.04072000000001,3.4685714285714284,27.75190476190476,1.88,4.12,0.61,1.47,0.8366666666666667,28.45,2.7,2018,7395314.0,-0.5768892883543146,822,1,822,1,822
2018-04-03,76.57136,3.54,28.001428571428573,1.68,6.46,1.244,2.974,0.83,28.83,2.38,2018,7395314.0,-0.5768892883543146,823,1,823,1,823
2018-04-04,78.102,3.611428571428571,28.25095238095238,1.33,8.8,1.8780000000000001,4.478,0.77,28.76,2.88,2018,7395314.0,-0.5768892883543146,824,1,824,1,824
2018-04-05,79.63264000000001,3.682857142857143,28.500476190476192,2.42,11.14,2.512,5.982,0.94,27.88,3.27,2018,7395314.0,-0.5768892883543146,825,1,825,1,825
2018-04-06,81.16328,3.754285714285714,28.75,1.53,13.48,3.146,7.486,0.71,27.24,2.3,2018,7395314.0,-0.5768892883543146,826,1,826,1,826
2018-04-07,82.69392,3.8257142857142856,28.999523809523808,1.23,21.43,3.78,8.99,0.65,28.27,2.84,2018,7395314.0,-0.5768892883543146,827,1,827,1,827
2018-04-08,84.22456,3.897142857142857,29.24904761904762,1.29,30.16,4.65,19.22,0.66,27.71,3.58,2018,7395314.0,-0.5768892883543146,828,1,828,1,828
2018-04-09,85.7552,3.9685714285714284,29.498571428571427,1.3499999999999999,36.09,3.3,16.63,0.9,27.59,3.27,2018,7395314.0,-0.5768892883543146,829,1,829,1,829
2018-04-10,87.28584000000001,4.04,29.74809523809524,1.41,26.28,3.67,15.23,0.32,28.07,3.16,2018,7395314.0,-0.5768892883543146,830,1,830,1,830
2018-04-11,88.81648,4.111428571428571,29.997619047619047,1.38,16.84,3.96,22.75,0.69,28.42,2.07,2018,7395314.0,-0.5768892883543146,831,1,831,1,831
2018-04-12,90.34712,4.182857142857142,30.247142857142855,1.26,24.75,5.09,33.79,0.73,29.18,2.78,2018,7395314.0,-0.5768892883543146,832,1,832,1,832
2018-04-13,91.87776000000001,4.2542857142857144,30.496666666666666,1.51,25.572,4.995,32.969,0.74,29.05,3.03,2018,7395314.0,-0.5768892883543146,833,1,833,1,833
2018-04-14,93.4084,4.325714285714286,30.746190476190474,1.72,26.394,4.8999999999999995,32.147999999999996,0.41,29.82,2.95,2018,7395314.0,-0.5768892883543146,834,1,834,1,834
2018-04-15,94.93904,4.397142857142857,30.995714285714286,1.34,27.216,4.805,31.326999999999998,0.37,29.82,3.37,2018,7395314.0,-0.5768892883543146,835,1,835,1,835
2018-04-16,96.46968000000001,4.468571428571428,31.245238095238093,1.5550000000000002,28.038,4.71,30.506,0.5,30.18,2.63,2018,7395314.0,-0.5768892883543146,836,1,836,1,836
2018-04-17,98.00032,4.54,31.4947619047619,1.77,28.86,4.615,29.685,0.59,30.16,3.0,2018,7395314.0,-0.5768892883543146,837,1,837,1,837
2018-04-18,99.53096000000001,4.611428571428571,31.744285714285713,1.37,29.682,4.52,28.863999999999997,0.7,30.42,2.65,2018,7395314.0,-0.5768892883543146,838,1,838,1,838
2018-04-19,101.0616,4.682857142857142,31.993809523809524,1.25,30.503999999999998,4.425,28.043,0.82,29.69,1.79,2018,7395314.0,-0.5768892883543146,839,1,839,1,839
2018-04-20,102.59224,4.7542857142857144,32.24333333333333,0.84,31.326,4.33,27.222,0.74,28.74,1.84,2018,7395314.0,-0.5768892883543146,840,1,840,1,840
2018-04-21,104.12288000000001,4.825714285714286,32.49285714285714,0.87,32.147999999999996,4.235,26.401,1.0,28.12,1.59,2018,7395314.0,-0.5768892883543146,841,1,841,1,841
2018-04-22,105.65352,4.897142857142857,32.74238095238095,0.87,32.97,4.14,25.58,0.71,28.72,2.25,2018,7395314.0,-0.5768892883543146,842,1,842,1,842
2018-04-23,107.18416,4.968571428571428,32.99190476190476,1.15,33.792,4.045,24.759,0.78,28.66,1.76,2018,7395314.0,-0.5768892883543146,843,1,843,1,843
2018-04-24,108.71480000000001,5.04,33.24142857142857,1.23,34.614,3.95,23.938,0.87,28.3,1.52,2018,7395314.0,-0.5768892883543146,844,1,844,1,844
2018-04-25,110.24544,5.111428571428571,33.49095238095238,1.37,35.436,3.855,23.116999999999997,1.01,28.19,1.65,2018,7395314.0,-0.5768892883543146,845,1,845,1,845
2018-04-26,111.77608000000001,5.182857142857142,33.74047619047619,1.22,36.257999999999996,3.76,22.296,0.78,28.53,1.77,2018,7395314.0,-0.5768892883543146,846,1,846,1,846
2018-04-27,113.30672000000001,5.2542857142857144,33.989999999999995,1.41,37.08,3.665,21.475,0.78,28.33,2.68,2018,7395314.0,-0.5768892883543146,847,1,847,1,847
2018-04-28,114.83736,5.325714285714286,34.23952380952381,1.36,37.902,3.5700000000000003,20.654,0.83,28.73,2.91,2018,7395314.0,-0.5768892883543146,848,1,848,1,848
2018-04-29,116.36800000000001,5.397142857142857,34.48904761904762,0.66,38.724,3.475,19.833,0.77,30.44,1.56,2018,7395314.0,-0.5768892883543146,849,1,849,1,849
2018-04-30,117.89864,5.468571428571428,34.738571428571426,0.9466666666666668,39.546,3.38,19.012,0.75,29.48,2.54,2018,7395314.0,-0.5768892883543146,850,1,850,1,850
2018-05-01,119.42928,5.54,34.988095238095234,1.2333333333333334,40.367999999999995,3.285,18.191,0.7866666666666666,28.7,1.87,2018,7395314.0,-0.5768892883543146,851,1,851,1,851
2018-05-02,120.95992000000001,5.611428571428571,35.23761904761905,1.52,41.19,3.19,17.37,0.8233333333333334,28.58,1.69,2018,7395314.0,-0.5768892883543146,852,1,852,1,852
2018-05-03,122.49056,5.682857142857142,35.48714285714286,1.36,36.8475,3.336,15.668000000000001,0.86,28.42,2.0,2018,7395314.0,-0.5768892883543146,853,1,853,1,853
2018-05-04,124.02120000000001,5.7542857142857144,35.736666666666665,1.41,32.504999999999995,3.4819999999999998,13.966000000000001,0.8,26.69,2.25,2018,7395314.0,-0.5768892883543146,854,1,854,1,854
2018-05-05,125.55184000000001,5.825714285714286,35.98619047619047,0.96,28.1625,3.628,12.264,0.86,27.15,2.38,2018,7395314.0,-0.5768892883543146,855,1,855,1,855
2018-05-06,127.08248,5.897142857142857,36.23571428571428,1.2,23.82,3.774,10.562000000000001,0.74,27.78,2.36,2018,7395314.0,-0.5768892883543146,856,1,856,1,856
2018-05-07,128.61312,5.968571428571428,36.48523809523809,1.4,29.98,3.92,8.86,0.72,27.79,2.38,2018,7395314.0,-0.5768892883543146,857,1,857,1,857
2018-05-08,130.14376000000001,6.04,36.7347619047619,1.355,20.98,4.76,18.37,0.56,26.59,2.11,2018,7395314.0,-0.5768892883543146,858,1,858,1,858
2018-05-09,131.67440000000002,6.111428571428571,36.98428571428571,1.31,29.86,2.86,14.09,0.9,25.2,2.08,2018,7395314.0,-0.5768892883543146,859,1,859,1,859
2018-05-10,133.20504,6.182857142857142,37.23380952380952,1.28,22.37,3.42,14.55,0.33,25.65,1.31,2018,7395314.0,-0.5768892883543146,860,1,860,1,860
2018-05-11,134.73568,6.2542857142857144,37.483333333333334,1.41,22.83,4.1,28.79,0.71,25.83,1.46,2018,7395314.0,-0.5768892883543146,861,1,861,1,861
2018-05-12,136.26632,6.325714285714286,37.73285714285714,1.38,195.21,5.47,34.92,0.84,26.13,1.32,2018,7395314.0,-0.5768892883543146,862,1,862,1,862
2018-05-13,137.79696,6.397142857142857,37.98238095238095,1.39,185.10055555555556,5.3428571428571425,34.149523809523814,0.78,26.31,1.45,2018,7395314.0,-0.5768892883543146,863,1,863,1,863
2018-05-14,139.32760000000002,6.468571428571428,38.23190476190476,1.37,174.9911111111111,5.215714285714285,33.37904761904762,0.75,23.97,1.46,2018,7395314.0,-0.5768892883543146,864,1,864,1,864
2018-05-15,140.85824000000002,6.54,38.481428571428566,1.08,164.88166666666666,5.088571428571428,32.60857142857143,0.78,25.28,1.95,2018,7395314.0,-0.5768892883543146,865,1,865,1,865
2018-05-16,142.38888,6.611428571428571,38.730952380952374,1.4,154.77222222222224,4.961428571428571,31.83809523809524,0.9,26.08,1.3,2018,7395314.0,-0.5768892883543146,866,1,866,1,866
2018-05-17,143.91952,6.682857142857142,38.98047619047619,1.28,144.6627777777778,4.8342857142857145,31.067619047619047,0.93,26.78,1.19,2018,7395314.0,-0.5768892883543146,867,1,867,1,867
2018-05-18,145.45016,6.754285714285714,39.23,1.66,134.55333333333334,4.707142857142857,30.29714285714286,1.07,25.43,2.02,2018,7395314.0,-0.5768892883543146,868,1,868,1,868
2018-05-19,146.98080000000002,6.825714285714286,56.65,1.38,124.44388888888889,4.58,29.526666666666667,1.11,26.77,1.31,2018,7395314.0,-0.5768892883543146,869,1,869,1,869
2018-05-20,148.51144000000002,6.897142857142857,47.8,1.4333333333333333,114.33444444444446,4.452857142857143,28.756190476190476,0.83,26.61,1.81,2018,7395314.0,-0.5768892883543146,870,1,870,1,870
2018-05-21,150.04208,6.968571428571428,38.95,1.4866666666666666,104.22500000000001,4.325714285714286,27.985714285714288,0.81,26.33,1.41,2018,7395314.0,-0.5768892883543146,871,1,871,1,871
2018-05-22,151.57272,7.04,30.1,1.54,94.11555555555556,4.198571428571428,27.215238095238096,0.91,26.23,1.73,2018,7395314.0,-0.5768892883543146,872,1,872,1,872
2018-05-23,153.10336,11.08,30.35,1.36,84.00611111111112,4.071428571428571,26.444761904761904,0.97,27.64,1.2,2018,7395314.0,-0.5768892883543146,873,1,873,1,873
2018-05-24,154.63400000000001,8.81,27.25,1.41,73.89666666666668,3.944285714285714,25.674285714285716,0.93,26.68,2.33,2018,7395314.0,-0.5768892883543146,874,1,874,1,874
2018-05-25,156.16464000000002,12.48,28.98,1.5,63.787222222222226,3.8171428571428567,24.903809523809525,0.93,25.62,2.31,2018,7395314.0,-0.5768892883543146,875,1,875,1,875
2018-05-26,157.69528000000003,24.36,34.01,1.47,53.67777777777778,3.6899999999999995,24.133333333333333,1.11,25.86,2.11,2018,7395314.0,-0.5768892883543146,876,1,876,1,876
2018-05-27,159.22592,21.86,42.22,1.79,43.56833333333333,3.5628571428571427,23.362857142857145,0.84,25.65,2.56,2018,7395314.0,-0.5768892883543146,877,1,877,1,877
2018-05-28,160.75656,12.23,26.38,2.0,33.45888888888891,3.4357142857142855,22.592380952380953,0.92,26.11,1.47,2018,7395314.0,-0.5768892883543146,878,1,878,1,878
2018-05-29,162.2872,11.55,21.66,2.0,23.349444444444458,3.3085714285714283,21.82190476190476,1.36,26.12,3.31,2018,7395314.0,-0.5768892883543146,879,1,879,1,879
2018-05-30,163.81784000000002,7.18,14.96,2.1,13.24,3.181428571428571,21.051428571428573,0.75,25.63,2.39,2018,7395314.0,-0.5768892883543146,880,1,880,1,880
2018-05-31,165.34848000000002,12.76,25.58,2.01,25.05,3.0542857142857143,20.280952380952378,0.72,25.95,1.56,2018,7395314.0,-0.5768892883543146,881,1,881,1,881
2018-06-01,166.87912,13.62,23.82,1.97,32.52,2.927142857142857,19.51047619047619,0.76,24.99,1.43,2018,7395314.0,-0.5768892883543146,882,1,882,1,882
2018-06-02,168.40976,14.16,29.37,1.86,39.99,2.8,18.74,0.7999999999999999,25.28,1.07,2018,7395314.0,-0.5768892883543146,883,1,883,1,883
2018-06-03,169.9404,13.23,21.62,1.93,35.0025,3.026,16.464,0.84,24.01,2.25,2018,7395314.0,-0.5768892883543146,884,1,884,1,884
2018-06-04,171.47104000000002,14.0,21.2,1.85,30.015,3.252,14.187999999999999,0.77,23.81,2.15,2018,7395314.0,-0.5768892883543146,885,1,885,1,885
2018-06-05,173.00168000000002,13.59,18.34,2.01,25.0275,3.478,11.911999999999999,0.71,24.91,3.2,2018,7395314.0,-0.5768892883543146,886,1,886,1,886
2018-06-06,174.53232000000003,12.11,18.46,1.97,20.04,3.704,9.636,1.08,25.06,3.78,2018,7395314.0,-0.5768892883543146,887,1,887,1,887
2018-06-07,176.06296,20.32,29.03,1.81,40.9,3.93,7.36,0.92,23.6,4.97,2018,7395314.0,-0.5768892883543146,888,1,888,1,888
2018-06-08,177.5936,20.26,24.87,2.04,48.18,4.58,18.64,0.63,23.42,6.04,2018,7395314.0,-0.5768892883543146,889,1,889,1,889
2018-06-09,179.12424000000001,18.5,23.98,2.0,30.81,2.76,13.97,0.91,23.29,6.64,2018,7395314.0,-0.5768892883543146,890,1,890,1,890
2018-06-10,180.65488000000002,27.19,29.52,1.94,24.4,3.84,16.48,0.39,24.24,5.8,2018,7395314.0,-0.5768892883543146,891,1,891,1,891
2018-06-11,182.18552000000003,19.51,23.11,1.97,31.12,4.17,33.74,0.68,24.64,5.56,2018,7395314.0,-0.5768892883543146,892,1,892,1,892
2018-06-12,183.71616,17.06,19.42,2.07,23.9,4.93,33.63,0.8,24.65,5.24,2018,7395314.0,-0.5768892883543146,893,1,893,1,893
2018-06-13,185.2468,19.29,22.46,2.05,25.75,4.803333333333333,28.51,0.69,24.66,4.94,2018,7395314.0,-0.5768892883543146,894,1,894,1,894
2018-06-14,186.77744,21.83,27.53,1.86,29.97,4.676666666666667,23.39,0.82,24.46,4.31,2018,7395314.0,-0.5768892883543146,895,1,895,1,895
2018-06-15,188.30808000000002,14.59,19.27,2.01,119.49,4.55,18.27,0.67,24.46,3.72,2018,7395314.0,-0.5768892883543146,896,1,896,1,896
2018-06-16,189.83872000000002,17.37,21.75,2.07,15.66,4.43,8.51,0.68,23.55,4.33,2018,7395314.0,-0.5768892883543146,897,1,897,1,897
2018-06-17,191.36936000000003,19.88,21.11,2.04,17.34,5.14,8.66,0.56,23.22,4.44,2018,7395314.0,-0.5768892883543146,898,1,898,1,898
2018-06-18,192.9,20.94,22.82,2.04,17.18,3.78,6.07,0.71,23.15,4.66,2018,7395314.0,-0.5768892883543146,899,1,899,1,899
2018-06-19,135.23,19.08,18.34,1.94,21.92,3.57,4.36,0.47,23.91,4.83,2018,7395314.0,-0.5768892883543146,900,1,900,1,900
2018-06-20,108.77,19.56,19.36,2.03,12.22,3.63,4.58,0.52,23.95,4.73,2018,7395314.0,-0.5768892883543146,901,1,901,1,901
2018-06-21,97.82,17.49,38.31,1.89,21.18,3.85,5.43,0.56,24.09,4.45,2018,7395314.0,-0.5768892883543146,902,1,902,1,902
2018-06-22,98.91,11.91,24.42,1.95,26.81,4.18,6.0,0.56,23.4,4.27,2018,7395314.0,-0.5768892883543146,903,1,903,1,903
2018-06-23,80.0,16.84,24.88,1.79,35.84,4.06,6.11,0.63,23.39,3.73,2018,7395314.0,-0.5768892883543146,904,1,904,1,904
2018-06-24,109.29,22.43,29.66,1.59,20.72,4.33,6.95,0.54,23.21,4.21,2018,7395314.0,-0.5768892883543146,905,1,905,1,905
2018-06-25,110.06,14.62,20.45,1.69,30.41,3.75,7.98,0.61,22.89,4.34,2018,7395314.0,-0.5768892883543146,906,1,906,1,906
2018-06-26,88.93,13.86,16.53,1.83,30.48,3.55,7.44,0.61,23.17,5.02,2018,7395314.0,-0.5768892883543146,907,1,907,1,907
2018-06-27,75.22500000000001,23.52,31.33,2.07,18.75,3.55,8.23,0.62,23.52,4.75,2018,7395314.0,-0.5768892883543146,908,1,908,1,908
2018-06-28,61.52000000000001,22.548,32.345,1.61,7.02,3.65,8.98,0.63,23.44,4.36,2018,7395314.0,-0.5768892883543146,909,1,909,1,909
2018-06-29,47.815000000000005,21.576,33.36,1.65,9.34,3.65,8.74,0.62,23.65,3.5,2018,7395314.0,-0.5768892883543146,910,1,910,1,910
2018-06-30,34.11000000000001,20.604,34.375,1.63,14.32,4.32,12.59,0.71,23.83,3.04,2018,7395314.0,-0.5768892883543146,911,1,911,1,911
2018-07-01,20.405,19.631999999999998,35.39,1.64,26.64,3.8150000000000004,19.46,0.7866666666666666,24.26,2.59,2018,7395314.0,-0.5768892883543146,912,1,912,1,912
2018-07-02,6.7,18.66,36.405,1.92,38.96,3.31,26.33,0.8633333333333333,23.7,3.6,2018,7395314.0,-0.5768892883543146,913,1,913,1,913
2018-07-03,1.11,17.688,37.419999999999995,1.72,34.17,3.384,22.345999999999997,0.94,22.72,3.05,2018,7395314.0,-0.5768892883543146,914,1,914,1,914
2018-07-04,24.105,16.716,38.434999999999995,1.7,29.380000000000003,3.458,18.362,0.76,24.05,3.95,2018,7395314.0,-0.5768892883543146,915,1,915,1,915
2018-07-05,47.1,15.744,39.449999999999996,1.8,24.59,3.532,14.377999999999998,0.81,24.19,4.63,2018,7395314.0,-0.5768892883543146,916,1,916,1,916
2018-07-06,70.095,14.772,40.464999999999996,1.8,19.8,3.6060000000000003,10.393999999999998,1.06,23.52,4.43,2018,7395314.0,-0.5768892883543146,917,1,917,1,917
2018-07-07,93.09,13.8,41.48,1.31,20.93,3.68,6.41,0.94,22.91,4.21,2018,7395314.0,-0.5768892883543146,918,1,918,1,918
2018-07-08,64.81,5.91,4.37,1.34,17.06,4.56,19.24,0.66,23.33,4.69,2018,7395314.0,-0.5768892883543146,919,1,919,1,919
2018-07-09,88.26,9.61,12.11,1.44,26.56,2.9,13.96,0.87,23.76,4.57,2018,7395314.0,-0.5768892883543146,920,1,920,1,920
2018-07-10,84.385,9.3,9.37,1.27,25.23,3.2,16.2,0.35,23.26,4.68,2018,7395314.0,-0.5768892883543146,921,1,921,1,921
2018-07-11,80.51,10.48,20.94,1.03,37.25,3.78,37.27,0.62,23.05,5.56,2018,7395314.0,-0.5768892883543146,922,1,922,1,922
2018-07-12,118.23,8.54,9.03,2.11,30.92,4.84,34.31,0.76,23.79,6.22,2018,7395314.0,-0.5768892883543146,923,1,923,1,923
2018-07-13,66.11,8.73,9.87,1.41,20.4,3.48,4.73,0.93,23.02,5.3,2018,7395314.0,-0.5768892883543146,924,1,924,1,924
2018-07-14,64.13714285714286,6.73,7.92,1.32,22.0,3.38,4.03,0.77,23.41,5.42,2018,7395314.0,-0.5768892883543146,925,1,925,1,925
2018-07-15,62.16428571428571,7.985,11.8,1.495,22.58,3.33,2.91,0.78,24.05,6.1,2018,7395314.0,-0.5768892883543146,926,1,926,1,926
2018-07-16,60.191428571428574,9.24,15.68,1.67,22.12,3.72,4.68,0.85,22.78,6.23,2018,7395314.0,-0.5768892883543146,927,1,927,1,927
2018-07-17,58.21857142857143,1.61,1.73,1.36,19.8,3.62,4.79,0.81,23.7,6.4,2018,7395314.0,-0.5768892883543146,928,1,928,1,928
2018-07-18,56.245714285714286,1.2,3.27,1.38,20.72,3.45,4.79,0.85,23.76,5.38,2018,7395314.0,-0.5768892883543146,929,1,929,1,929
2018-07-19,54.27285714285714,6.03,23.5,1.4,34.77,3.13,9.22,0.93,24.58,5.21,2018,7395314.0,-0.5768892883543146,930,1,930,1,930
2018-07-20,52.3,14.06,27.11,2.0,20.37,2.51,13.31,0.9,24.17,5.81,2018,7395314.0,-0.5768892883543146,931,1,931,1,931
2018-07-21,125.18,14.08,27.1,2.41,26.34,2.64,14.09,0.81,23.91,5.51,2018,7395314.0,-0.5768892883543146,932,1,932,1,932
2018-07-22,125.04,14.06,27.13,2.41,28.29,2.53,12.97,0.84,24.76,5.47,2018,7395314.0,-0.5768892883543146,933,1,933,1,933
2018-07-23,90.54,14.1,27.04,0.84,28.54,2.51,15.15,0.87,24.49,5.05,2018,7395314.0,-0.5768892883543146,934,1,934,1,934
2018-07-24,72.91,21.87,51.17,1.66,24.5,2.52,17.44,0.7,23.98,4.61,2018,7395314.0,-0.5768892883543146,935,1,935,1,935
2018-07-25,68.0,29.64,75.3,1.44,20.81,2.62,16.43,0.73,24.45,4.48,2018,7395314.0,-0.5768892883543146,936,1,936,1,936
2018-07-26,92.29,47.83,101.18,1.43,29.44,2.8,17.53,0.68,24.85,4.29,2018,7395314.0,-0.5768892883543146,937,1,937,1,937
2018-07-27,101.11,24.54,82.37,1.3,31.15,3.51,17.95,0.59,24.49,4.56,2018,7395314.0,-0.5768892883543146,938,1,938,1,938
2018-07-28,105.06,21.419999999999998,75.3475,1.44,33.4,4.05,20.2,0.68,24.58,4.22,2018,7395314.0,-0.5768892883543146,939,1,939,1,939
2018-07-29,82.93,18.3,68.325,1.28,22.96,3.44,17.2,0.73,24.43,3.91,2018,7395314.0,-0.5768892883543146,940,1,940,1,940
2018-07-30,94.71,15.18,61.3025,1.4,28.62,3.98,19.74,0.69,24.27,3.81,2018,7395314.0,-0.5768892883543146,941,1,941,1,941
2018-07-31,99.75,12.06,54.28,1.26,31.04,3.94,19.23,0.7,23.33,4.29,2018,7395314.0,-0.5768892883543146,942,1,942,1,942
2018-08-01,122.9,31.24,37.69,1.3,42.36,4.735,27.72,0.7866666666666666,23.59,4.25,2018,7395314.0,-0.5768892883543146,943,1,943,1,943
2018-08-02,120.76,34.76,30.75,1.25,53.68,5.53,36.21,0.8733333333333333,24.04,3.99,2018,7395314.0,-0.5768892883543146,944,1,944,1,944
2018-08-03,134.09,36.75,23.96,1.24,42.8725,4.4925,27.87,0.96,23.42,4.36,2018,7395314.0,-0.5768892883543146,945,1,945,1,945
2018-08-04,164.03,47.65,19.92,1.19,32.065,3.455,19.53,0.71,23.22,4.27,2018,7395314.0,-0.5768892883543146,946,1,946,1,946
2018-08-05,109.8,24.44,18.75,1.07,21.257499999999993,2.4175,11.190000000000001,0.72,24.21,4.63,2018,7395314.0,-0.5768892883543146,947,1,947,1,947
2018-08-06,128.05,14.32,43.43,1.24,10.45,1.38,2.85,0.62,23.9,5.42,2018,7395314.0,-0.5768892883543146,948,1,948,1,948
2018-08-07,93.03,19.71,33.71,1.28,21.66,3.47,4.89,0.92,22.86,5.38,2018,7395314.0,-0.5768892883543146,949,1,949,1,949
2018-08-08,69.94,9.22,25.87,1.33,27.8,4.65,20.62,0.68,23.63,4.97,2018,7395314.0,-0.5768892883543146,950,1,950,1,950
2018-08-09,72.7,8.34,31.2,1.2,30.27,2.95,14.06,0.91,23.81,4.85,2018,7395314.0,-0.5768892883543146,951,1,951,1,951
2018-08-10,64.74,49.045,41.78,1.24,40.94,4.84,18.23,0.32,22.83,4.25,2018,7395314.0,-0.5768892883543146,952,1,952,1,952
2018-08-11,59.95,89.75,52.36,1.3,43.43,3.86,36.1,0.72,23.45,5.65,2018,7395314.0,-0.5768892883543146,953,1,953,1,953
2018-08-12,38.56,51.06,62.38,1.24,48.93,4.6,45.92,0.79,22.24,5.52,2018,7395314.0,-0.5768892883543146,954,1,954,1,954
2018-08-13,71.69,12.37,72.4,1.31,11.71,4.38,9.06,0.67,22.97,6.2,2018,7395314.0,-0.5768892883543146,955,1,955,1,955
2018-08-14,46.64,6.98,35.45,1.22,13.27,4.53,9.49,0.77,22.57,5.44,2018,7395314.0,-0.5768892883543146,956,1,956,1,956
2018-08-15,58.25,5.8133333333333335,27.900000000000002,1.34,21.37,4.34,8.52,0.76,23.29,4.95,2018,7395314.0,-0.5768892883543146,957,1,957,1,957
2018-08-16,49.13,4.6466666666666665,20.35,1.46,13.06,3.53,7.17,0.7,23.46,6.39,2018,7395314.0,-0.5768892883543146,958,1,958,1,958
2018-08-17,120.49,3.48,12.8,1.56,18.03,2.72,5.13,0.75,24.51,6.46,2018,7395314.0,-0.5768892883543146,959,1,959,1,959
2018-08-18,122.42,2.82,6.91,1.36,30.14,5.87,18.6,0.73,24.07,5.6,2018,7395314.0,-0.5768892883543146,960,1,960,1,960
2018-08-19,78.29,5.04,14.71,1.27,23.34,11.56,27.82,0.68,24.59,5.43,2018,7395314.0,-0.5768892883543146,961,1,961,1,961
2018-08-20,144.72,7.68,27.61,1.32,24.54,5.35,16.64,0.71,23.87,5.48,2018,7395314.0,-0.5768892883543146,962,1,962,1,962
2018-08-21,136.15,7.82,27.92,1.28,28.55,5.29,12.0,0.7,24.46,5.0,2018,7395314.0,-0.5768892883543146,963,1,963,1,963
2018-08-22,113.33,13.04,27.48,1.3,29.36,5.62,9.89,0.76,24.15,4.35,2018,7395314.0,-0.5768892883543146,964,1,964,1,964
2018-08-23,76.21,16.94,18.14,1.33,23.33,4.41,10.27,0.78,24.41,4.03,2018,7395314.0,-0.5768892883543146,965,1,965,1,965
2018-08-24,92.16,16.07,17.62,1.34,18.24,6.33,14.04,0.77,23.73,3.75,2018,7395314.0,-0.5768892883543146,966,1,966,1,966
2018-08-25,104.27,14.11,17.29,1.24,32.89,9.01,16.25,0.78,23.62,3.39,2018,7395314.0,-0.5768892883543146,967,1,967,1,967
2018-08-26,77.72,19.59,13.49,1.29,16.74,6.27,13.46,0.74,24.03,3.85,2018,7395314.0,-0.5768892883543146,968,1,968,1,968
2018-08-27,109.56,16.63,16.94,1.24,25.4,6.63,14.44,0.8,23.82,4.32,2018,7395314.0,-0.5768892883543146,969,1,969,1,969
2018-08-28,92.44,17.61,20.41,1.15,39.42,6.27,13.92,0.79,23.69,3.8,2018,7395314.0,-0.5768892883543146,970,1,970,1,970
2018-08-29,81.92,17.04,14.79,1.37,29.14,6.5,14.22,0.87,23.96,3.64,2018,7395314.0,-0.5768892883543146,971,1,971,1,971
2018-08-30,83.87,16.41,15.42,1.3,43.92,4.34,9.97,0.81,24.49,3.65,2018,7395314.0,-0.5768892883543146,972,1,972,1,972
2018-08-31,90.39,12.77,14.97,1.28,39.53,2.9,6.75,0.77,24.46,3.84,2018,7395314.0,-0.5768892883543146,973,1,973,1,973
2018-09-01,131.0,16.12,16.08,1.37,0.41,3.4749999999999996,21.47,0.8433333333333334,23.91,2.66,2018,7395314.0,-0.5768892883543146,974,1,974,1,974
2018-09-02,75.25,7.45,12.45,1.21,49.93,4.05,36.19,0.9166666666666666,24.95,3.11,2018,7395314.0,-0.5768892883543146,975,1,975,1,975
2018-09-03,130.01,9.72,16.83,1.34,41.0775,3.94,29.991999999999997,0.99,23.22,2.56,2018,7395314.0,-0.5768892883543146,976,1,976,1,976
2018-09-04,134.22,11.91,18.61,1.3,32.225,3.83,23.793999999999997,0.73,24.93,2.81,2018,7395314.0,-0.5768892883543146,977,1,977,1,977
2018-09-05,119.82,9.96,17.69,1.24,23.372500000000002,3.7199999999999998,17.596,0.7,24.05,3.13,2018,7395314.0,-0.5768892883543146,978,1,978,1,978
2018-09-06,101.57,8.93,22.58,1.3,14.52,3.61,11.398,0.61,24.44,3.71,2018,7395314.0,-0.5768892883543146,979,1,979,1,979
2018-09-07,94.15,8.84,22.57,1.22,22.88,3.5,5.2,0.91,24.33,3.75,2018,7395314.0,-0.5768892883543146,980,1,980,1,980
2018-09-08,95.78,10.9,26.09,1.26,24.78,4.47,16.3,0.66,24.73,3.3,2018,7395314.0,-0.5768892883543146,981,1,981,1,981
2018-09-09,106.87,10.6,33.06,1.34,30.4,2.7,14.05,0.92,25.37,1.47,2018,7395314.0,-0.5768892883543146,982,1,982,1,982
2018-09-10,97.15,6.68,26.55,1.34,39.97,3.71,20.11,0.3,24.91,1.32,2018,7395314.0,-0.5768892883543146,983,1,983,1,983
2018-09-11,123.38,9.22,34.42,1.23,24.91,3.89,37.93,0.66,25.98,1.13,2018,7395314.0,-0.5768892883543146,984,1,984,1,984
2018-09-12,138.51,16.62,41.48,1.22,45.05,3.415,26.5,0.74,24.05,1.83,2018,7395314.0,-0.5768892883543146,985,1,985,1,985
2018-09-13,135.04,13.34,37.64,1.14,31.59,2.94,15.07,1.02,25.91,1.44,2018,7395314.0,-0.5768892883543146,986,1,986,1,986
2018-09-14,130.63,15.03,45.0,1.16,37.56,2.89,16.34,1.07,25.77,1.01,2018,7395314.0,-0.5768892883543146,987,1,987,1,987
2018-09-15,75.02,12.78,37.06,1.21,29.23,3.19,15.63,1.08,24.67,1.44,2018,7395314.0,-0.5768892883543146,988,1,988,1,988
2018-09-16,78.62,18.22,37.52,1.08,30.82,7.99,19.59,0.88,23.88,2.03,2018,7395314.0,-0.5768892883543146,989,1,989,1,989
2018-09-17,65.16,13.77,30.02,1.13,23.46,3.09,13.79,0.48,23.21,3.04,2018,7395314.0,-0.5768892883543146,990,1,990,1,990
2018-09-18,88.18,7.37,19.19,1.17,26.24,2.73,13.29,0.38,23.66,2.96,2018,7395314.0,-0.5768892883543146,991,1,991,1,991
2018-09-19,95.19,7.09,20.19,1.2,28.7,3.01,14.78,0.43,22.71,3.45,2018,7395314.0,-0.5768892883543146,992,1,992,1,992
2018-09-20,98.92,8.9,25.03,1.19,30.33,2.94,15.15,0.42,22.96,2.67,2018,7395314.0,-0.5768892883543146,993,1,993,1,993
2018-09-21,121.96,17.74,36.94,1.28,32.75,2.74,14.92,0.38,23.09,2.6,2018,7395314.0,-0.5768892883543146,994,1,994,1,994
2018-09-22,126.09,14.55,35.0,1.17,34.36,3.03,15.71,0.41,23.84,2.11,2018,7395314.0,-0.5768892883543146,995,1,995,1,995
2018-09-23,149.49,23.53,53.95,1.33,39.72,2.71,16.48,0.38,24.19,0.96,2018,7395314.0,-0.5768892883543146,996,1,996,1,996
2018-09-24,74.38,15.65,39.61,1.24,29.92,3.84,14.9,0.45,23.46,1.17,2018,7395314.0,-0.5768892883543146,997,1,997,1,997
2018-09-25,83.31,24.66,47.4,1.32,36.83,6.63,19.23,0.4,24.35,0.95,2018,7395314.0,-0.5768892883543146,998,1,998,1,998
2018-09-26,81.83,16.53,44.6,1.2,33.34,3.12,16.45,0.4,24.22,1.74,2018,7395314.0,-0.5768892883543146,999,1,999,1,999
2018-09-27,104.8,21.15,46.62,1.19,38.69,3.78,16.63,0.39,24.59,1.64,2018,7395314.0,-0.5768892883543146,1000,1,1000,1,1000
2018-09-28,143.43,35.21,59.71,1.27,40.61,5.5,17.17,0.34,24.33,1.83,2018,7395314.0,-0.5768892883543146,1001,1,1001,1,1001
2018-09-29,146.26,49.79,70.89,1.42,29.39,3.89,15.95,0.32,24.83,2.27,2018,7395314.0,-0.5768892883543146,1002,1,1002,1,1002
2018-09-30,113.19,35.92,55.74,1.2,32.42,3.7,15.54,0.36,25.49,2.14,2018,7395314.0,-0.5768892883543146,1003,1,1003,1,1003
2018-10-01,142.46,36.73,60.65,1.32,26.53,4.95,10.26,0.54,25.23,2.7,2018,7395314.0,-0.5768892883543146,1004,1,1004,1,1004
2018-10-02,118.06,31.69,49.96,1.31,40.22,6.19,34.11,0.72,25.07,2.23,2018,7395314.0,-0.5768892883543146,1005,1,1005,1,1005
2018-10-03,104.92,26.06,43.2,1.18,33.35,5.674,27.9275,0.9,24.39,2.12,2018,7395314.0,-0.5768892883543146,1006,1,1006,1,1006
2018-10-04,88.45,32.87,47.25,1.17,26.479999999999997,5.158,21.744999999999997,0.77,23.2,2.68,2018,7395314.0,-0.5768892883543146,1007,1,1007,1,1007
2018-10-05,69.47,30.17,40.97,1.21,19.61,4.6419999999999995,15.5625,0.72,22.72,3.13,2018,7395314.0,-0.5768892883543146,1008,1,1008,1,1008
2018-10-06,118.22,46.2,61.85,1.3,12.74,4.1259999999999994,9.38,0.6,23.09,3.0,2018,7395314.0,-0.5768892883543146,1009,1,1009,1,1009
2018-10-07,157.06,40.92,64.28,1.29,476.84,3.61,5.58,0.96,23.9,2.09,2018,7395314.0,-0.5768892883543146,1010,1,1010,1,1010
2018-10-08,178.51,26.99,53.51,1.26,20.43,4.57,10.42,0.69,24.36,1.68,2018,7395314.0,-0.5768892883543146,1011,1,1011,1,1011
2018-10-09,156.48,31.52,61.23,1.22,35.16,2.74,14.9,1.04,23.59,1.48,2018,7395314.0,-0.5768892883543146,1012,1,1012,1,1012
2018-10-10,167.38,24.69,53.23,1.19,55.85,4.09,21.99,0.32,23.28,2.19,2018,7395314.0,-0.5768892883543146,1013,1,1013,1,1013
2018-10-11,175.41,20.29,56.25,1.2,36.8,4.59,45.99,0.73,24.08,1.68,2018,7395314.0,-0.5768892883543146,1014,1,1014,1,1014
2018-10-12,186.57,65.41,101.42,1.11,60.03,9.08,47.97,1.02,24.14,1.75,2018,7395314.0,-0.5768892883543146,1015,1,1015,1,1015
2018-10-13,220.45,24.68,58.25,0.94,66.89,5.52,24.98,0.29,25.29,0.66,2018,7395314.0,-0.5768892883543146,1016,1,1016,1,1016
2018-10-14,139.58,21.26,48.32,1.23,53.79,3.06,16.96,0.4,24.53,0.85,2018,7395314.0,-0.5768892883543146,1017,1,1017,1,1017
2018-10-15,120.96,20.33,46.69,1.28,47.79,3.18,18.7,0.32,23.98,1.23,2018,7395314.0,-0.5768892883543146,1018,1,1018,1,1018
2018-10-16,182.24,28.32,59.78,1.24,44.45,2.91,16.78,0.35,23.61,1.49,2018,7395314.0,-0.5768892883543146,1019,1,1019,1,1019
2018-10-17,93.45,16.84,36.96,1.13,32.41,2.67,14.82,0.41,22.26,1.39,2018,7395314.0,-0.5768892883543146,1020,1,1020,1,1020
2018-10-18,100.74,26.16,53.8,1.27,285.99,2.85,15.68,0.33,22.49,0.7,2018,7395314.0,-0.5768892883543146,1021,1,1021,1,1021
2018-10-19,135.76,25.73,51.25,1.25,24.96,3.46,14.47,0.31,23.25,1.4,2018,7395314.0,-0.5768892883543146,1022,1,1022,1,1022
2018-10-20,185.58,32.24,65.44,1.25,30.67,2.85,15.35,0.31,23.01,1.85,2018,7395314.0,-0.5768892883543146,1023,1,1023,1,1023
2018-10-21,213.73,47.98,83.79,1.23,43.19,5.59,16.78,0.31,23.55,1.93,2018,7395314.0,-0.5768892883543146,1024,1,1024,1,1024
2018-10-22,218.13,61.05,103.24,1.26,43.11,4.61,22.41,0.31,22.68,2.12,2018,7395314.0,-0.5768892883543146,1025,1,1025,1,1025
2018-10-23,206.735,48.06,92.54,1.24,49.13,7.74,26.65,0.36,22.87,2.07,2018,7395314.0,-0.5768892883543146,1026,1,1026,1,1026
2018-10-24,195.34,35.07,81.84,1.22,45.42,9.01,27.56,0.33,22.59,2.22,2018,7395314.0,-0.5768892883543146,1027,1,1027,1,1027
2018-10-25,188.2,28.2,64.98,1.18,41.56,4.9,28.26,0.64,22.83,2.83,2018,7395314.0,-0.5768892883543146,1028,1,1028,1,1028
2018-10-26,189.34,34.04,74.07,1.34,56.04,9.83,43.72,0.79,23.14,2.99,2018,7395314.0,-0.5768892883543146,1029,1,1029,1,1029
2018-10-27,168.32,30.73,89.7,1.43,30.13,9.93,49.02,0.78,22.76,2.7,2018,7395314.0,-0.5768892883543146,1030,1,1030,1,1030
2018-10-28,122.7,15.15,65.74,1.0,33.17,6.05,61.38,0.42,21.98,2.83,2018,7395314.0,-0.5768892883543146,1031,1,1031,1,1031
2018-10-29,141.29,22.61,87.47,1.38,33.41,5.91,68.31,0.58,21.74,2.24,2018,7395314.0,-0.5768892883543146,1032,1,1032,1,1032
2018-10-30,147.92,27.51,99.1,1.14,35.24,5.63,55.11,0.72,22.37,1.96,2018,7395314.0,-0.5768892883543146,1033,1,1033,1,1033
2018-10-31,139.16,21.46,75.32,1.23,34.34,5.42,33.93,0.73,23.83,2.62,2018,7395314.0,-0.5768892883543146,1034,1,1034,1,1034
2018-11-01,95.68,26.15,58.67,1.18,38.76,4.14,19.78,5.135,24.09,2.76,2018,7395314.0,-0.5768892883543146,1035,1,1035,1,1035
2018-11-02,82.25,15.79,37.65,1.0,35.7,0.04,0.27,9.54,23.15,2.83,2018,7395314.0,-0.5768892883543146,1036,1,1036,1,1036
2018-11-03,104.86,24.3,59.54,1.38,31.762500000000003,0.752,1.242,5.159999999999999,23.5,3.07,2018,7395314.0,-0.5768892883543146,1037,1,1037,1,1037
2018-11-04,127.44,18.26,45.48,1.49,27.825,1.464,2.214,0.78,23.91,3.07,2018,7395314.0,-0.5768892883543146,1038,1,1038,1,1038
2018-11-05,151.7,22.68,55.1,2.33,23.8875,2.176,3.186,0.82,24.39,3.08,2018,7395314.0,-0.5768892883543146,1039,1,1039,1,1039
2018-11-06,152.71,20.07,51.09,2.46,19.95,2.888,4.1579999999999995,0.6,22.87,2.24,2018,7395314.0,-0.5768892883543146,1040,1,1040,1,1040
2018-11-07,162.54,19.9,54.41,2.49,32.46,3.6,5.13,0.88,22.57,2.51,2018,7395314.0,-0.5768892883543146,1041,1,1041,1,1041
2018-11-08,127.93,18.11,51.86,1.01,17.24,4.76,10.67,0.69,22.51,2.35,2018,7395314.0,-0.5768892883543146,1042,1,1042,1,1042
2018-11-09,94.4,19.67,57.44,1.69,35.31,3.38,15.77,1.13,23.31,2.58,2018,7395314.0,-0.5768892883543146,1043,1,1043,1,1043
2018-11-10,87.37,20.96,57.73,1.56,58.7,4.05,24.14,0.34,22.85,2.04,2018,7395314.0,-0.5768892883543146,1044,1,1044,1,1044
2018-11-11,101.54,20.0,53.83,1.4,36.92,3.84,43.98,0.68,22.56,1.87,2018,7395314.0,-0.5768892883543146,1045,1,1045,1,1045
2018-11-12,153.92,18.56,52.99,1.43,76.03,7.1,36.61,1.01,22.17,1.95,2018,7395314.0,-0.5768892883543146,1046,1,1046,1,1046
2018-11-13,116.86,14.18,47.82,1.43,45.91,4.93,51.38,0.82,21.75,1.6,2018,7395314.0,-0.5768892883543146,1047,1,1047,1,1047
2018-11-14,180.06,27.09,69.75,1.51,46.63,6.11,57.54,0.92,21.98,1.57,2018,7395314.0,-0.5768892883543146,1048,1,1048,1,1048
2018-11-15,144.2,15.16,43.47,1.35,36.75,4.96,50.29,0.84,22.24,2.83,2018,7395314.0,-0.5768892883543146,1049,1,1049,1,1049
2018-11-16,106.71,13.38,39.77,1.47,20.78,3.55,32.69,0.73,22.9,3.6,2018,7395314.0,-0.5768892883543146,1050,1,1050,1,1050
2018-11-17,163.24,7.4,24.25,1.65,39.68,3.29,32.7,0.79,24.09,2.17,2018,7395314.0,-0.5768892883543146,1051,1,1051,1,1051
2018-11-18,139.15,6.29,18.03,1.62,33.92,2.77,27.43,0.74,24.72,2.1,2018,7395314.0,-0.5768892883543146,1052,1,1052,1,1052
2018-11-19,103.67,7.13,18.3,1.59,18.31,3.67,30.3,0.7,25.16,2.57,2018,7395314.0,-0.5768892883543146,1053,1,1053,1,1053
2018-11-20,113.5,6.77,16.64,1.58,21.62,4.05,38.55,0.62,24.08,3.02,2018,7395314.0,-0.5768892883543146,1054,1,1054,1,1054
2018-11-21,106.33,2.94,10.5,1.53,29.26,5.71,38.54,0.78,21.32,3.47,2018,7395314.0,-0.5768892883543146,1055,1,1055,1,1055
2018-11-22,87.67,6.83,16.369999999999997,1.585,16.4,3.81,31.38,0.7,21.72,3.45,2018,7395314.0,-0.5768892883543146,1056,1,1056,1,1056
2018-11-23,69.01,10.72,22.24,1.64,41.88,5.68,34.66,0.94,22.68,2.77,2018,7395314.0,-0.5768892883543146,1057,1,1057,1,1057
2018-11-24,155.28,6.71,16.88,1.64,240.09,3.95,36.18,0.86,23.58,2.37,2018,7395314.0,-0.5768892883543146,1058,1,1058,1,1058
2018-11-25,180.82,2.15,6.67,1.55,48.66,3.97,39.24,0.78,23.5,2.03,2018,7395314.0,-0.5768892883543146,1059,1,1059,1,1059
2018-11-26,207.95,2.61,10.96,1.62,55.75,13.42,41.38,0.77,22.22,2.28,2018,7395314.0,-0.5768892883543146,1060,1,1060,1,1060
2018-11-27,174.03,11.3,26.81,1.6,41.5,88.72,97.51,0.72,20.43,2.41,2018,7395314.0,-0.5768892883543146,1061,1,1061,1,1061
2018-11-28,154.15,25.57,21.12,1.61,36.49,6.76,36.25,0.78,21.0,2.75,2018,7395314.0,-0.5768892883543146,1062,1,1062,1,1062
2018-11-29,141.04,28.61,18.24,1.6,31.53,6.22,35.99,0.76,22.45,2.64,2018,7395314.0,-0.5768892883543146,1063,1,1063,1,1063
2018-11-30,107.05,30.86,22.88,1.61,35.86,4.95,34.74,0.72,22.78,2.22,2018,7395314.0,-0.5768892883543146,1064,1,1064,1,1064
2018-12-01,157.67,30.82,23.08,1.58,39.87,2.38,8.58,0.865,22.0,2.27,2018,7395314.0,-0.5768892883543146,1065,1,1065,1,1065
2018-12-02,119.79,27.46,21.2,1.6,44.52,2.543333333333333,7.8100000000000005,1.01,21.66,2.36,2018,7395314.0,-0.5768892883543146,1066,1,1066,1,1066
2018-12-03,128.95,29.31,20.71,1.61,39.6725,2.7066666666666666,7.04,0.74,22.72,2.71,2018,7395314.0,-0.5768892883543146,1067,1,1067,1,1067
2018-12-04,103.66,31.22,19.19,1.6,34.825,2.87,6.27,0.75,21.18,2.01,2018,7395314.0,-0.5768892883543146,1068,1,1068,1,1068
2018-12-05,154.71,31.49,15.73,1.6,29.9775,3.033333333333333,5.5,0.77,23.11,1.29,2018,7395314.0,-0.5768892883543146,1069,1,1069,1,1069
2018-12-06,121.41,26.97,16.34,1.56,25.13,3.1966666666666663,4.73,0.63,24.41,2.34,2018,7395314.0,-0.5768892883543146,1070,1,1070,1,1070
2018-12-07,467.23,30.88,15.88,1.34,24.9,3.36,3.96,0.86,23.73,2.69,2018,7395314.0,-0.5768892883543146,1071,1,1071,1,1071
2018-12-08,15.1,30.92,15.93,1.2,9.63,4.38,8.75,0.64,23.43,2.91,2018,7395314.0,-0.5768892883543146,1072,1,1072,1,1072
2018-12-09,90.99,34.19,23.15,1.315,28.11,3.05,16.27,1.07,23.18,2.57,2018,7395314.0,-0.5768892883543146,1073,1,1073,1,1073
2018-12-10,166.88,37.46,30.37,1.43,67.08,5.19,26.14,0.4,23.51,1.55,2018,7395314.0,-0.5768892883543146,1074,1,1074,1,1074
2018-12-11,330.73,22.32,23.92,1.37,39.44,5.27,49.46,0.78,23.26,1.75,2018,7395314.0,-0.5768892883543146,1075,1,1075,1,1075
2018-12-12,239.0,25.12,34.69,1.38,65.58,6.59,37.08,1.03,23.6,1.35,2018,7395314.0,-0.5768892883543146,1076,1,1076,1,1076
2018-12-13,5.98,22.44,37.7,1.39,53.33,6.32,31.17,0.88,23.47,1.79,2018,7395314.0,-0.5768892883543146,1077,1,1077,1,1077
2018-12-14,53.72500000000001,26.92,36.29,1.37,41.82,6.74,33.15,0.76,23.17,2.69,2018,7395314.0,-0.5768892883543146,1078,1,1078,1,1078
2018-12-15,101.47000000000001,30.29,35.27,1.34,38.76,6.43,35.28,0.68,21.94,3.62,2018,7395314.0,-0.5768892883543146,1079,1,1079,1,1079
2018-12-16,149.215,8.28,24.13,1.25,48.89,6.42,31.07,0.68,20.43,3.0,2018,7395314.0,-0.5768892883543146,1080,1,1080,1,1080
2018-12-17,196.96,56.81,50.77,1.6,69.41,7.14,37.03,0.87,21.07,2.42,2018,7395314.0,-0.5768892883543146,1081,1,1081,1,1081
2018-12-18,161.91,38.72,44.42,1.45,57.92,6.77,41.18,0.86,20.96,2.09,2018,7395314.0,-0.5768892883543146,1082,1,1082,1,1082
2018-12-19,104.96,26.03,37.9,1.38,44.7,6.5,35.34,0.87,19.26,1.42,2018,7395314.0,-0.5768892883543146,1083,1,1083,1,1083
2018-12-20,154.15,37.25,50.39,1.38,37.36,6.4,33.05,0.8,21.6,1.75,2018,7395314.0,-0.5768892883543146,1084,1,1084,1,1084
2018-12-21,114.66,29.36,39.63,1.37,42.2,6.81,33.37,0.82,23.34,1.66,2018,7395314.0,-0.5768892883543146,1085,1,1085,1,1085
2018-12-22,123.33,33.46,47.5,1.39,38.25,6.3,34.59,0.75,23.87,2.46,2018,7395314.0,-0.5768892883543146,1086,1,1086,1,1086
2018-12-23,95.67,27.75,33.58,1.33,29.86,5.7,26.24,0.65,24.33,2.92,2018,7395314.0,-0.5768892883543146,1087,1,1087,1,1087
2018-12-24,115.8,37.02,43.04,1.43,34.74,6.12,26.71,0.76,24.54,2.54,2018,7395314.0,-0.5768892883543146,1088,1,1088,1,1088
2018-12-25,115.23,28.04,40.88,1.34,44.16,7.07,28.0,0.75,24.17,2.37,2018,7395314.0,-0.5768892883543146,1089,1,1089,1,1089
2018-12-26,119.74,30.31,42.02,1.36,39.73,6.91,30.15,0.75,23.86,1.63,2018,7395314.0,-0.5768892883543146,1090,1,1090,1,1090
2018-12-27,117.58,12.05,29.07,1.33,45.63,5.87,26.14,0.68,23.88,1.82,2018,7395314.0,-0.5768892883543146,1091,1,1091,1,1091
2018-12-28,124.93,27.72,41.26,1.39,54.63,6.84,28.85,0.83,22.97,1.54,2018,7395314.0,-0.5768892883543146,1092,1,1092,1,1092
2018-12-29,121.45,32.17,40.41,1.37,54.19,6.76,27.64,0.74,22.65,2.68,2018,7395314.0,-0.5768892883543146,1093,1,1093,1,1093
2018-12-30,97.49,9.26,19.95,1.25,49.85,6.29,26.59,0.65,20.91,2.86,2018,7395314.0,-0.5768892883543146,1094,1,1094,1,1094
2018-12-31,142.35,45.22,52.2,1.44,52.03,7.13,34.3,0.77,20.9,2.68,2018,7395314.0,-0.5768892883543146,1095,1,1095,1,1095
2019-01-01,124.06,31.75,43.34,1.4,62.22,7.28,38.6,0.75,19.39,2.5,2019,7973786.0,1.7322483836611706,1096,1,1096,1,1096
2019-01-02,111.28,28.58,41.71,2.07,39.8,4.28,22.42,0.93,19.22,2.89,2019,7973786.0,1.7322483836611706,1097,1,1097,1,1097
2019-01-03,108.99,33.59,42.89,2.06,72.07,3.62,26.26,0.39,19.63,2.76,2019,7973786.0,1.7322483836611706,1098,1,1098,1,1098
2019-01-04,112.2,34.27,44.22,1.77,74.6,4.41,23.8,0.82,19.57,3.11,2019,7973786.0,1.7322483836611706,1099,1,1099,1,1099
2019-01-05,111.99,28.4,45.76,1.44,23.04,3.57,15.71,0.76,19.89,2.38,2019,7973786.0,1.7322483836611706,1100,1,1100,1,1100
2019-01-06,118.48,21.68,42.78,1.36,45.95,3.53,19.92,1.28,20.9,2.15,2019,7973786.0,1.7322483836611706,1101,1,1101,1,1101
2019-01-07,129.67,32.84,53.52,1.45,31.08,2.83,27.74,0.93,21.08,2.47,2019,7973786.0,1.7322483836611706,1102,1,1102,1,1102
2019-01-08,110.79,23.24,42.83,1.42,21.33,2.66,26.11,0.59,21.1,2.25,2019,7973786.0,1.7322483836611706,1103,1,1103,1,1103
2019-01-09,137.59,26.04,48.26,1.44,30.26,2.83,27.69,1.13,21.1,2.31,2019,7973786.0,1.7322483836611706,1104,1,1104,1,1104
2019-01-10,137.72,30.96,57.21,1.52,21.6,3.14,34.09,1.03,21.26,2.35,2019,7973786.0,1.7322483836611706,1105,1,1105,1,1105
2019-01-11,158.27,51.5,72.17,1.55,20.77,2.72,26.21,1.02,21.44,1.87,2019,7973786.0,1.7322483836611706,1106,1,1106,1,1106
2019-01-12,141.63,27.5,50.86,1.38,18.97,2.81,24.47,1.13,21.56,2.39,2019,7973786.0,1.7322483836611706,1107,1,1107,1,1107
2019-01-13,122.74,26.3,46.69,1.39,52.75,6.95,73.06,0.84,21.27,2.03,2019,7973786.0,1.7322483836611706,1108,1,1108,1,1108
2019-01-14,128.92,27.06,45.69,1.4,62.27,7.69,75.66,0.88,20.96,2.26,2019,7973786.0,1.7322483836611706,1109,1,1109,1,1109
2019-01-15,107.49,38.81,52.3,1.4,52.44,6.77,71.58,0.63,20.81,2.76,2019,7973786.0,1.7322483836611706,1110,1,1110,1,1110
2019-01-16,158.24,37.2,63.37,1.54,66.23,7.37,76.56,0.88,21.07,2.61,2019,7973786.0,1.7322483836611706,1111,1,1111,1,1111
2019-01-17,136.79,29.73,47.14,1.43,58.48,9.02,60.85,0.7,21.62,2.73,2019,7973786.0,1.7322483836611706,1112,1,1112,1,1112
2019-01-18,129.95,31.57,50.67,1.44,50.45,4.32,25.81,1.03,21.4,2.86,2019,7973786.0,1.7322483836611706,1113,1,1113,1,1113
2019-01-19,110.75,6.81,22.72,1.28,44.97,4.85,26.88,0.76,21.18,2.8,2019,7973786.0,1.7322483836611706,1114,1,1114,1,1114
2019-01-20,134.29000000000002,21.865000000000002,40.92,1.3599999999999999,28.97,3.96,21.92,0.74,20.87,2.67,2019,7973786.0,1.7322483836611706,1115,1,1115,1,1115
2019-01-21,157.83,36.92,59.12,1.44,37.07,4.23,26.7,0.93,21.09,2.5,2019,7973786.0,1.7322483836611706,1116,1,1116,1,1116
2019-01-22,119.41,12.29,30.93,1.32,50.4,5.25,26.91,1.1,21.51,1.38,2019,7973786.0,1.7322483836611706,1117,1,1117,1,1117
2019-01-23,194.52,42.39,73.34,1.59,43.08,4.72,25.98,1.05,22.62,1.6,2019,7973786.0,1.7322483836611706,1118,1,1118,1,1118
2019-01-24,137.63,19.03,41.83,1.44,34.95,4.36,22.15,0.86,23.27,2.15,2019,7973786.0,1.7322483836611706,1119,1,1119,1,1119
2019-01-25,127.15,28.36,48.4,1.5,26.33,4.2,20.17,0.94,24.02,2.91,2019,7973786.0,1.7322483836611706,1120,1,1120,1,1120
2019-01-26,127.24,22.64,38.9,1.36,31.83,4.16,19.44,0.93,24.74,2.52,2019,7973786.0,1.7322483836611706,1121,1,1121,1,1121
2019-01-27,110.39,20.94,36.25,1.34,27.62,4.11,17.29,0.86,23.85,2.56,2019,7973786.0,1.7322483836611706,1122,1,1122,1,1122
2019-01-28,104.68,13.64,28.32,0.62,26.2,4.13,16.81,0.79,23.08,2.34,2019,7973786.0,1.7322483836611706,1123,1,1123,1,1123
2019-01-29,51.54,17.57,28.03,1.28,23.4,4.24,18.24,0.81,21.44,2.75,2019,7973786.0,1.7322483836611706,1124,1,1124,1,1124
2019-01-30,122.41499999999999,21.155,38.105000000000004,1.3599999999999999,31.67,4.2,17.95,0.8,21.44,2.61,2019,7973786.0,1.7322483836611706,1125,1,1125,1,1125
2019-01-31,193.29,24.74,48.18,1.44,29.17,4.09,20.7,1.03,20.89,2.73,2019,7973786.0,1.7322483836611706,1126,1,1126,1,1126
2019-02-01,128.58,6.11,15.4,1.24,53.86,8.95,52.72,0.73,21.46,2.29,2019,7973786.0,1.7322483836611706,1127,1,1127,1,1127
2019-02-02,224.04,34.41,57.12,1.5,36.06,3.96,21.55,0.87,22.51,2.35,2019,7973786.0,1.7322483836611706,1128,1,1128,1,1128
2019-02-03,148.55,14.81,30.21,1.3,50.58,3.36,19.27,0.38,23.25,2.34,2019,7973786.0,1.7322483836611706,1129,1,1129,1,1129
2019-02-04,179.80333333333334,19.486666666666668,39.25333333333334,1.3666666666666667,71.36,3.76,22.55,0.86,24.19,3.08,2019,7973786.0,1.7322483836611706,1130,1,1130,1,1130
2019-02-05,211.05666666666667,24.163333333333334,48.29666666666667,1.4333333333333333,42.06,3.46,16.97,0.83,23.45,2.78,2019,7973786.0,1.7322483836611706,1131,1,1131,1,1131
2019-02-06,242.31,28.84,57.34,1.5,86.36,3.3,16.54,1.97,24.28,2.35,2019,7973786.0,1.7322483836611706,1132,1,1132,1,1132
2019-02-07,169.51,14.53,31.73,1.34,31.24,3.42,30.83,0.93,25.01,2.66,2019,7973786.0,1.7322483836611706,1133,1,1133,1,1133
2019-02-08,184.04500000000002,11.94,38.135,1.385,19.92,2.79,28.36,0.82,25.99,1.82,2019,7973786.0,1.7322483836611706,1134,1,1134,1,1134
2019-02-09,198.58,9.35,44.54,1.43,22.4,2.47,24.89,1.02,25.92,1.84,2019,7973786.0,1.7322483836611706,1135,1,1135,1,1135
2019-02-10,200.16250000000002,12.105,44.4875,1.625,15.24,3.98,35.85,0.87,22.89,2.27,2019,7973786.0,1.7322483836611706,1136,1,1136,1,1136
2019-02-11,201.745,14.86,44.435,1.8199999999999998,22.36,5.1,30.79,1.46,23.8,3.7,2019,7973786.0,1.7322483836611706,1137,1,1137,1,1137
2019-02-12,203.3275,17.615000000000002,44.3825,2.015,20.05,3.1,25.13,1.07,23.04,3.95,2019,7973786.0,1.7322483836611706,1138,1,1138,1,1138
2019-02-13,204.91,20.37,44.33,2.21,37.76,3.78,21.85,0.76,22.92,3.38,2019,7973786.0,1.7322483836611706,1139,1,1139,1,1139
2019-02-14,178.59,38.67,57.66,1.46,35.33,3.6,22.19,0.81,23.71,3.08,2019,7973786.0,1.7322483836611706,1140,1,1140,1,1140
2019-02-15,165.89,24.55,46.08,1.39,41.87,3.61,20.43,0.8,24.88,1.58,2019,7973786.0,1.7322483836611706,1141,1,1141,1,1141
2019-02-16,180.59,23.76,48.33,1.42,45.13,3.79,20.25,0.74,25.62,1.88,2019,7973786.0,1.7322483836611706,1142,1,1142,1,1142
2019-02-17,165.37,10.27,28.35,1.31,38.8,3.69,20.09,0.81,25.73,2.02,2019,7973786.0,1.7322483836611706,1143,1,1143,1,1143
2019-02-18,166.48,23.17,47.31,1.43,48.17,4.45,24.53,0.8,25.46,1.19,2019,7973786.0,1.7322483836611706,1144,1,1144,1,1144
2019-02-19,167.5,14.43,37.24,1.31,50.22,3.64,21.06,0.81,27.0,3.14,2019,7973786.0,1.7322483836611706,1145,1,1145,1,1145
2019-02-20,168.48,26.77,50.55,1.39,41.55,3.63,19.06,0.66,26.0,3.74,2019,7973786.0,1.7322483836611706,1146,1,1146,1,1146
2019-02-21,167.61,25.29,45.21,1.39,36.53,3.59,18.26,0.65,24.59,3.57,2019,7973786.0,1.7322483836611706,1147,1,1147,1,1147
2019-02-22,182.82,36.15,55.67,1.4,52.97,13.84,25.05,0.68,24.11,3.44,2019,7973786.0,1.7322483836611706,1148,1,1148,1,1148
2019-02-23,189.37,44.47,70.66,1.44,54.89,3.64,24.07,0.67,24.77,3.35,2019,7973786.0,1.7322483836611706,1149,1,1149,1,1149
2019-02-24,164.32,35.27,63.62,1.42,52.09,3.53,23.88,0.67,25.2,3.27,2019,7973786.0,1.7322483836611706,1150,1,1150,1,1150
2019-02-25,159.39,36.6,63.04,1.46,53.08,4.21,27.61,0.64,25.26,2.09,2019,7973786.0,1.7322483836611706,1151,1,1151,1,1151
2019-02-26,170.23,7.67,37.3,1.31,62.06,3.87,26.22,0.61,25.89,1.67,2019,7973786.0,1.7322483836611706,1152,1,1152,1,1152
2019-02-27,190.74,17.54,56.64,1.83,61.55,3.8,22.73,0.54,27.58,1.95,2019,7973786.0,1.7322483836611706,1153,1,1153,1,1153
2019-02-28,211.25,11.88,34.45,1.36,64.18,3.65,24.53,0.45,27.18,1.9,2019,7973786.0,1.7322483836611706,1154,1,1154,1,1154
2019-03-01,201.14,22.47,64.89,1.41,52.26,12.49,94.09,0.85,28.17,2.1,2019,7973786.0,1.7322483836611706,1155,1,1155,1,1155
2019-03-02,148.43,23.27,48.2,1.37,26.84,3.81,19.98,0.79,27.78,3.4,2019,7973786.0,1.7322483836611706,1156,1,1156,1,1156
2019-03-03,149.37,25.44,49.71,1.36,40.24,3.36,20.19,0.46,27.36,2.06,2019,7973786.0,1.7322483836611706,1157,1,1157,1,1157
2019-03-04,150.59,12.81,39.48,1.33,73.91,3.29,21.03,0.79,28.5,1.94,2019,7973786.0,1.7322483836611706,1158,1,1158,1,1158
2019-03-05,153.53,9.37,35.1,1.33,44.58,3.39,17.2,0.81,30.15,1.47,2019,7973786.0,1.7322483836611706,1159,1,1159,1,1159
2019-03-06,134.34,7.84,25.06,1.22,36.975,3.45,18.79,0.93,29.71,1.62,2019,7973786.0,1.7322483836611706,1160,1,1160,1,1160
2019-03-07,228.1,23.99,52.01,1.51,29.37,2.66,27.81,0.93,29.69,1.43,2019,7973786.0,1.7322483836611706,1161,1,1161,1,1161
2019-03-08,191.1,28.46,61.63,1.42,21.15,2.68,28.01,0.83,29.33,1.71,2019,7973786.0,1.7322483836611706,1162,1,1162,1,1162
2019-03-09,159.8,11.54,31.63,1.23,17.85,2.73,26.82,1.13,29.17,2.73,2019,7973786.0,1.7322483836611706,1163,1,1163,1,1163
2019-03-10,174.39666666666668,15.513333333333334,40.306666666666665,1.31,24.37,3.37,37.84,1.43,29.63,2.68,2019,7973786.0,1.7322483836611706,1164,1,1164,1,1164
2019-03-11,188.99333333333334,19.486666666666668,48.983333333333334,1.39,21.22,2.73,27.32,1.09,28.86,3.5,2019,7973786.0,1.7322483836611706,1165,1,1165,1,1165
2019-03-12,203.59,23.46,57.66,1.47,31.52,3.02,27.92,1.1,27.44,3.08,2019,7973786.0,1.7322483836611706,1166,1,1166,1,1166
2019-03-13,175.76,23.01,52.17,1.52,66.04,3.7,24.89,0.8,26.95,3.59,2019,7973786.0,1.7322483836611706,1167,1,1167,1,1167
2019-03-14,185.8,22.17,54.17,1.56,58.25,3.9,24.55,0.69,27.01,3.66,2019,7973786.0,1.7322483836611706,1168,1,1168,1,1168
2019-03-15,168.65,24.64,59.02,1.98,59.29,3.05,25.43,0.64,27.0,3.37,2019,7973786.0,1.7322483836611706,1169,1,1169,1,1169
2019-03-16,170.43,26.52,58.31,2.02,57.57,3.21,25.63,0.75,26.5,3.34,2019,7973786.0,1.7322483836611706,1170,1,1170,1,1170
2019-03-17,181.18,26.91,62.27,1.75,63.66,3.17,26.64,0.78,26.16,2.61,2019,7973786.0,1.7322483836611706,1171,1,1171,1,1171
2019-03-18,222.09,8.12,40.41,1.32,56.26,3.13,24.03,0.81,27.1,2.5,2019,7973786.0,1.7322483836611706,1172,1,1172,1,1172
2019-03-19,240.5,26.17,68.79,1.47,54.75,3.25,22.25,0.8,28.42,2.53,2019,7973786.0,1.7322483836611706,1173,1,1173,1,1173
2019-03-20,120.59,5.39,20.09,1.18,51.56,3.34,20.88,0.87,28.45,3.42,2019,7973786.0,1.7322483836611706,1174,1,1174,1,1174
2019-03-21,137.37,9.196,28.094,1.232,60.87,3.3,21.0,0.83,28.18,2.43,2019,7973786.0,1.7322483836611706,1175,1,1175,1,1175
2019-03-22,154.15,13.001999999999999,36.098,1.284,62.23,3.34,22.12,0.83,28.47,2.09,2019,7973786.0,1.7322483836611706,1176,1,1176,1,1176
2019-03-23,170.93,16.808,44.102,1.3359999999999999,66.31,3.55,23.14,0.83,29.53,2.07,2019,7973786.0,1.7322483836611706,1177,1,1177,1,1177
2019-03-24,187.71,20.614,52.105999999999995,1.388,65.53,3.25,19.56,0.78,30.09,3.01,2019,7973786.0,1.7322483836611706,1178,1,1178,1,1178
2019-03-25,204.49,24.42,60.11,1.44,69.71,3.45,20.69,0.84,29.12,3.2,2019,7973786.0,1.7322483836611706,1179,1,1179,1,1179
2019-03-26,161.47,15.56,47.35,1.36,73.32,3.34,21.68,0.81,28.71,3.13,2019,7973786.0,1.7322483836611706,1180,1,1180,1,1180
2019-03-27,166.2,21.53,50.39,1.43,97.1,3.44,23.22,0.83,28.8,2.97,2019,7973786.0,1.7322483836611706,1181,1,1181,1,1181
2019-03-28,179.94,23.16,58.33,1.39,91.97,3.36,24.19,0.81,29.07,3.01,2019,7973786.0,1.7322483836611706,1182,1,1182,1,1182
2019-03-29,176.22,23.06,57.31,1.38,72.23,3.58,23.69,0.84,29.96,2.13,2019,7973786.0,1.7322483836611706,1183,1,1183,1,1183
2019-03-30,123.2,12.8,39.98,1.31,84.92,5.76,27.52,0.92,29.76,2.69,2019,7973786.0,1.7322483836611706,1184,1,1184,1,1184
2019-03-31,181.00666666666666,14.853333333333335,44.879999999999995,1.3466666666666667,62.54,3.79,21.74,0.88,29.99,2.14,2019,7973786.0,1.7322483836611706,1185,1,1185,1,1185
2019-04-01,238.81333333333333,16.906666666666666,49.78,1.3833333333333333,46.98,9.54,69.26,1.06,30.39,2.72,2019,7973786.0,1.7322483836611706,1186,1,1186,1,1186
2019-04-02,296.62,18.96,54.68,1.42,32.01,3.93,19.84,0.69,30.11,2.6,2019,7973786.0,1.7322483836611706,1187,1,1187,1,1187
2019-04-03,210.74,28.31,68.62,1.42,52.97,3.31,18.81,0.42,29.93,3.42,2019,7973786.0,1.7322483836611706,1188,1,1188,1,1188
2019-04-04,171.08,23.81,52.05,1.41,151.91,3.25,20.59,0.84,28.76,3.26,2019,7973786.0,1.7322483836611706,1189,1,1189,1,1189
2019-04-05,167.25,27.44,57.7,1.38,51.72,3.43,17.78,0.87,29.49,2.74,2019,7973786.0,1.7322483836611706,1190,1,1190,1,1190
2019-04-06,175.53,17.1,49.65,1.35,43.58,4.12,19.25,0.73,29.47,2.86,2019,7973786.0,1.7322483836611706,1191,1,1191,1,1191
2019-04-07,157.58,18.05,46.9,1.33,35.44,3.22,29.94,1.19,29.43,2.74,2019,7973786.0,1.7322483836611706,1192,1,1192,1,1192
2019-04-08,136.4,15.32,42.41,1.33,31.365,4.22,31.255000000000003,0.0,29.83,2.63,2019,7973786.0,1.7322483836611706,1193,1,1193,1,1193
2019-04-09,191.63,8.46,44.57,1.34,27.29,5.22,32.57,1.0,29.94,2.34,2019,7973786.0,1.7322483836611706,1194,1,1194,1,1194
2019-04-10,124.95,14.26,45.12,1.32,24.55,4.49,39.26,1.15,30.74,3.3,2019,7973786.0,1.7322483836611706,1195,1,1195,1,1195
2019-04-11,231.08,42.24,83.89,1.5,30.72,6.89,43.45,1.49,29.09,1.9,2019,7973786.0,1.7322483836611706,1196,1,1196,1,1196
2019-04-12,168.66,22.44,55.27,1.33,41.7,2.7,27.8,1.01,30.47,2.38,2019,7973786.0,1.7322483836611706,1197,1,1197,1,1197
2019-04-13,168.96,20.55,54.0,1.38,58.69,3.27,18.22,0.75,29.62,2.85,2019,7973786.0,1.7322483836611706,1198,1,1198,1,1198
2019-04-14,157.26,16.16,45.96,1.34,55.05,3.2,17.22,0.75,29.81,3.38,2019,7973786.0,1.7322483836611706,1199,1,1199,1,1199
2019-04-15,156.47,21.26,52.35,1.4,63.69,3.44,20.78,0.76,29.21,2.28,2019,7973786.0,1.7322483836611706,1200,1,1200,1,1200
2019-04-16,147.7,12.38,42.68,1.33,56.91,3.31,19.61,0.79,30.22,2.26,2019,7973786.0,1.7322483836611706,1201,1,1201,1,1201
2019-04-17,166.89,11.27,31.44,1.31,121.51,3.5,18.58,0.8,29.01,2.0,2019,7973786.0,1.7322483836611706,1202,1,1202,1,1202
2019-04-18,177.74,10.51,47.47,1.36,53.87,3.37,16.8,0.75,29.4,2.23,2019,7973786.0,1.7322483836611706,1203,1,1203,1,1203
2019-04-19,220.29,23.79,61.69,2.36,37.42,3.65,19.24,0.83,29.3,1.54,2019,7973786.0,1.7322483836611706,1204,1,1204,1,1204
2019-04-20,125.81,13.24,39.03,1.73,30.4,3.55,17.58,0.86,27.12,2.06,2019,7973786.0,1.7322483836611706,1205,1,1205,1,1205
2019-04-21,127.06,11.82,36.99,1.71,26.14,3.45,18.1,0.73,27.73,1.77,2019,7973786.0,1.7322483836611706,1206,1,1206,1,1206
2019-04-22,151.89,14.88,39.68,1.33,38.67,4.13,18.72,0.82,28.29,2.04,2019,7973786.0,1.7322483836611706,1207,1,1207,1,1207
2019-04-23,139.56,14.91,46.52,1.35,30.51,3.53,19.22,0.78,26.47,2.43,2019,7973786.0,1.7322483836611706,1208,1,1208,1,1208
2019-04-24,139.92,17.25,51.16,1.34,41.88,3.53,21.41,0.88,28.55,2.8,2019,7973786.0,1.7322483836611706,1209,1,1209,1,1209
2019-04-25,181.92,24.16,60.17,1.39,48.53,3.48,22.83,0.8,28.61,2.38,2019,7973786.0,1.7322483836611706,1210,1,1210,1,1210
2019-04-26,150.18,11.69,44.18,1.3,49.07,3.5,21.88,0.83,29.78,3.03,2019,7973786.0,1.7322483836611706,1211,1,1211,1,1211
2019-04-27,221.62,26.42,68.42,1.85,60.22,3.42,20.38,0.93,29.8,2.58,2019,7973786.0,1.7322483836611706,1212,1,1212,1,1212
2019-04-28,177.77,21.9,58.3,1.64,52.23,3.39,21.34,0.95,30.09,2.62,2019,7973786.0,1.7322483836611706,1213,1,1213,1,1213
2019-04-29,160.32,10.0,36.75,1.52,47.32,3.42,18.19,0.89,30.09,1.93,2019,7973786.0,1.7322483836611706,1214,1,1214,1,1214
2019-04-30,148.7,9.11,27.48,1.75,57.18,3.95,18.66,0.82,29.22,2.76,2019,7973786.0,1.7322483836611706,1215,1,1215,1,1215
2019-05-01,121.76,8.99,25.13,2.06,34.24,13.44,33.08,1.03,26.95,3.48,2019,7973786.0,1.7322483836611706,1216,1,1216,1,1216
2019-05-02,160.84,10.11,24.33,1.36,32.68,3.74,19.12,0.87,27.7,3.77,2019,7973786.0,1.7322483836611706,1217,1,1217,1,1217
2019-05-03,194.69,13.47,36.9,1.38,62.11,3.37,19.91,0.38,28.06,3.12,2019,7973786.0,1.7322483836611706,1218,1,1218,1,1218
2019-05-04,189.32,10.64,28.51,1.3,52.62,3.2,20.13,0.84,27.8,2.17,2019,7973786.0,1.7322483836611706,1219,1,1219,1,1219
2019-05-05,189.89,15.48,39.53,1.33,54.54,3.35,17.39,0.82,28.99,1.3,2019,7973786.0,1.7322483836611706,1220,1,1220,1,1220
2019-05-06,184.51,9.46,38.65,1.32,42.8,3.17,23.085,0.87,29.32,1.22,2019,7973786.0,1.7322483836611706,1221,1,1221,1,1221
2019-05-07,138.03,9.84,26.61,1.34,31.06,2.99,28.78,0.92,28.0,2.73,2019,7973786.0,1.7322483836611706,1222,1,1222,1,1222
2019-05-08,104.58,7.9,20.01,1.46,17.54,2.94,29.33,0.52,25.87,3.37,2019,7973786.0,1.7322483836611706,1223,1,1223,1,1223
2019-05-09,165.47,19.5,36.9,1.54,26.23,2.84,24.46,1.23,27.74,2.63,2019,7973786.0,1.7322483836611706,1224,1,1224,1,1224
2019-05-10,154.9,9.14,30.85,1.3,31.15,4.99,43.8,1.51,28.93,2.17,2019,7973786.0,1.7322483836611706,1225,1,1225,1,1225
2019-05-11,173.85,13.85,34.3,1.34,37.41,6.3,48.53,1.65,28.89,1.41,2019,7973786.0,1.7322483836611706,1226,1,1226,1,1226
2019-05-12,167.08,15.74,36.27,1.46,53.01,2.6,30.66,1.03,29.02,1.12,2019,7973786.0,1.7322483836611706,1227,1,1227,1,1227
2019-05-13,151.73,11.2,32.97,1.41,29.27,3.86,16.95,0.94,28.8,1.41,2019,7973786.0,1.7322483836611706,1228,1,1228,1,1228
2019-05-14,142.66,10.69,30.17,1.48,33.92,3.4,15.19,0.82,28.12,2.08,2019,7973786.0,1.7322483836611706,1229,1,1229,1,1229
2019-05-15,143.36,13.59,31.55,2.24,37.08,3.48,14.71,0.93,27.98,1.77,2019,7973786.0,1.7322483836611706,1230,1,1230,1,1230
2019-05-16,162.51,14.19,44.52,1.69,35.56,4.08,16.08,1.1,28.95,1.43,2019,7973786.0,1.7322483836611706,1231,1,1231,1,1231
2019-05-17,138.3,7.77,27.87,1.6,41.66,4.22,16.01,1.08,27.67,1.08,2019,7973786.0,1.7322483836611706,1232,1,1232,1,1232
2019-05-18,150.20666666666668,11.02,38.27333333333333,1.5533333333333335,58.48,3.84,17.4,1.14,28.2,1.42,2019,7973786.0,1.7322483836611706,1233,1,1233,1,1233
2019-05-19,162.11333333333334,14.27,48.67666666666666,1.5066666666666666,39.67,3.48,17.86,1.16,29.95,1.59,2019,7973786.0,1.7322483836611706,1234,1,1234,1,1234
2019-05-20,174.02,17.52,59.08,1.46,49.37,3.64,19.47,0.97,29.38,1.94,2019,7973786.0,1.7322483836611706,1235,1,1235,1,1235
2019-05-21,102.53,10.57,45.28,1.3,42.0,3.49,18.82,0.79,29.47,2.03,2019,7973786.0,1.7322483836611706,1236,1,1236,1,1236
2019-05-22,75.44,7.46,34.04,1.32,39.85,4.33,20.68,0.83,28.14,1.56,2019,7973786.0,1.7322483836611706,1237,1,1237,1,1237
2019-05-23,115.84,11.78,46.44,1.36,31.81,3.72,19.79,0.91,27.82,1.15,2019,7973786.0,1.7322483836611706,1238,1,1238,1,1238
2019-05-24,55.75,11.76,40.18,1.31,29.01,3.87,19.32,0.91,28.73,1.41,2019,7973786.0,1.7322483836611706,1239,1,1239,1,1239
2019-05-25,126.93,10.6,37.15,1.3,26.23,3.54,18.22,0.85,27.45,2.98,2019,7973786.0,1.7322483836611706,1240,1,1240,1,1240
2019-05-26,42.21,12.77,37.91,1.29,25.57,3.31,18.3,0.75,27.23,2.37,2019,7973786.0,1.7322483836611706,1241,1,1241,1,1241
2019-05-27,95.23,7.96,46.36,1.37,27.17,3.91,21.3,0.86,28.51,1.82,2019,7973786.0,1.7322483836611706,1242,1,1242,1,1242
2019-05-28,72.95,11.66,33.23,1.28,34.96,3.69,19.45,0.97,29.42,1.4,2019,7973786.0,1.7322483836611706,1243,1,1243,1,1243
2019-05-29,74.14823529411765,20.32,70.4,1.42,24.18,3.46,20.66,0.79,25.79,2.72,2019,7973786.0,1.7322483836611706,1244,1,1244,1,1244
2019-05-30,75.34647058823529,10.88,39.87,1.31,30.61,3.43,19.42,0.88,26.34,2.19,2019,7973786.0,1.7322483836611706,1245,1,1245,1,1245
2019-05-31,76.54470588235294,10.93,41.62,1.31,32.16,3.42,19.74,0.7,25.04,2.57,2019,7973786.0,1.7322483836611706,1246,1,1246,1,1246
2019-06-01,77.7429411764706,8.31,33.3,1.3,49.19,6.46,36.0,0.97,26.51,2.51,2019,7973786.0,1.7322483836611706,1247,1,1247,1,1247
2019-06-02,78.94117647058823,13.68,36.07,1.32,39.03,3.76,21.26,0.86,28.06,2.21,2019,7973786.0,1.7322483836611706,1248,1,1248,1,1248
2019-06-03,80.13941176470588,7.98,29.62,1.29,80.71,3.38,20.37,0.67,25.65,2.62,2019,7973786.0,1.7322483836611706,1249,1,1249,1,1249
2019-06-04,81.33764705882353,8.16,28.19,1.28,56.5,3.15,19.15,0.88,26.68,2.12,2019,7973786.0,1.7322483836611706,1250,1,1250,1,1250
2019-06-05,82.53588235294117,5.34,22.82,1.33,47.19,3.34,17.55,0.94,26.2,1.65,2019,7973786.0,1.7322483836611706,1251,1,1251,1,1251
2019-06-06,83.73411764705882,9.24,36.14,1.48,35.285,3.55,20.82,1.27,26.7,1.52,2019,7973786.0,1.7322483836611706,1252,1,1252,1,1252
2019-06-07,84.93235294117648,17.28,45.86,1.33,23.38,2.9,27.43,0.73,26.88,0.94,2019,7973786.0,1.7322483836611706,1253,1,1253,1,1253
2019-06-08,86.13058823529411,9.61,36.05,1.29,16.89,2.87,30.14,0.84,26.03,2.4,2019,7973786.0,1.7322483836611706,1254,1,1254,1,1254
2019-06-09,87.32882352941176,13.54,34.68,1.14,15.65,2.96,26.02,1.08,26.85,3.86,2019,7973786.0,1.7322483836611706,1255,1,1255,1,1255
2019-06-10,88.52705882352942,14.84,33.49,1.14,20.13,2.53,29.8,1.01,25.51,3.7,2019,7973786.0,1.7322483836611706,1256,1,1256,1,1256
2019-06-11,89.72529411764705,15.0,32.81,1.19,39.25,2.87,40.13,1.47,25.89,5.17,2019,7973786.0,1.7322483836611706,1257,1,1257,1,1257
2019-06-12,90.9235294117647,15.62,49.27,1.37,57.82,2.5,31.66,1.15,26.27,5.6,2019,7973786.0,1.7322483836611706,1258,1,1258,1,1258
2019-06-13,92.12176470588236,11.42,43.19,1.32,26.11,3.7,31.78,1.1,25.17,5.24,2019,7973786.0,1.7322483836611706,1259,1,1259,1,1259
2019-06-14,93.32,9.11,39.14,1.26,28.73,3.46,31.24,0.97,25.47,4.93,2019,7973786.0,1.7322483836611706,1260,1,1260,1,1260
2019-06-15,75.79,9.06,39.7,1.31,34.35,3.36,31.06,0.84,26.52,4.19,2019,7973786.0,1.7322483836611706,1261,1,1261,1,1261
2019-06-16,71.0,6.5,32.45,1.24,27.64,2.86,29.47,0.75,26.74,3.89,2019,7973786.0,1.7322483836611706,1262,1,1262,1,1262
2019-06-17,92.85,6.79,41.76,1.62,36.88,3.88,34.25,0.94,26.15,4.05,2019,7973786.0,1.7322483836611706,1263,1,1263,1,1263
2019-06-18,73.23,7.06,33.01,1.3,49.27,3.64,36.15,0.95,26.41,3.7,2019,7973786.0,1.7322483836611706,1264,1,1264,1,1264
2019-06-19,83.14,6.06,36.53,1.52,37.91,2.79,27.33,0.92,27.34,4.13,2019,7973786.0,1.7322483836611706,1265,1,1265,1,1265
2019-06-20,69.04,7.88,37.48,1.46,32.24,2.86,27.07,0.85,26.21,4.7,2019,7973786.0,1.7322483836611706,1266,1,1266,1,1266
2019-06-21,77.32,8.24,38.44,1.35,35.37,2.9,28.88,1.15,24.85,3.75,2019,7973786.0,1.7322483836611706,1267,1,1267,1,1267
2019-06-22,87.14,10.71,47.6,1.47,24.48,3.1,28.55,1.14,24.8,4.23,2019,7973786.0,1.7322483836611706,1268,1,1268,1,1268
2019-06-23,74.06,11.83,48.51,1.5,23.9,2.81,27.16,0.95,24.43,3.85,2019,7973786.0,1.7322483836611706,1269,1,1269,1,1269
2019-06-24,101.25,10.65,45.49,0.79,33.59,3.19,27.23,1.08,25.39,3.55,2019,7973786.0,1.7322483836611706,1270,1,1270,1,1270
2019-06-25,127.54,10.72,50.41,1.51,40.4,2.96,28.89,1.04,25.7,3.48,2019,7973786.0,1.7322483836611706,1271,1,1271,1,1271
2019-06-26,86.7,9.07,34.87,1.43,34.71,3.01,28.37,0.98,24.57,3.34,2019,7973786.0,1.7322483836611706,1272,1,1272,1,1272
2019-06-27,95.34,6.61,32.82,1.36,34.54,3.16,28.86,0.98,25.55,4.23,2019,7973786.0,1.7322483836611706,1273,1,1273,1,1273
2019-06-28,120.99,6.69,30.09,1.35,43.92,2.77,27.38,1.0,25.2,4.68,2019,7973786.0,1.7322483836611706,1274,1,1274,1,1274
2019-06-29,161.41,11.23,43.02,1.38,40.01,2.9,28.43,0.85,24.7,4.73,2019,7973786.0,1.7322483836611706,1275,1,1275,1,1275
2019-06-30,137.56,2.85,16.7,1.1,27.6,2.74,27.19,0.98,24.8,4.76,2019,7973786.0,1.7322483836611706,1276,1,1276,1,1276
2019-07-01,156.5,5.87,30.34,1.36,50.9,7.45,55.22,0.96,26.44,4.72,2019,7973786.0,1.7322483836611706,1277,1,1277,1,1277
2019-07-02,127.45,8.64,35.75,1.4,43.8,3.84,23.09,0.91,25.66,4.66,2019,7973786.0,1.7322483836611706,1278,1,1278,1,1278
2019-07-03,122.82,8.0,33.42,1.39,91.89,4.36,28.95,0.89,25.8,4.95,2019,7973786.0,1.7322483836611706,1279,1,1279,1,1279
2019-07-04,142.27,13.82,48.47,1.62,81.06,3.13,18.48,0.88,25.68,5.15,2019,7973786.0,1.7322483836611706,1280,1,1280,1,1280
2019-07-05,129.22,13.62,44.32,1.48,37.65,3.4,16.07,0.86,25.02,5.43,2019,7973786.0,1.7322483836611706,1281,1,1281,1,1281
2019-07-06,130.35,18.02,57.44,1.48,18.59,3.68,23.0,1.0,24.49,5.56,2019,7973786.0,1.7322483836611706,1282,1,1282,1,1282
2019-07-07,181.86,15.47,53.04,1.35,18.415,3.51,26.384999999999998,0.9099999999999999,24.98,5.46,2019,7973786.0,1.7322483836611706,1283,1,1283,1,1283
2019-07-08,133.44,9.12,34.22,1.35,18.24,3.34,29.77,0.82,25.36,5.61,2019,7973786.0,1.7322483836611706,1284,1,1284,1,1284
2019-07-09,106.93,8.96,32.69,1.36,13.27,2.7,26.56,1.3,24.3,4.73,2019,7973786.0,1.7322483836611706,1285,1,1285,1,1285
2019-07-10,103.46,8.64,35.1,1.31,21.82,2.59,28.06,1.36,24.65,5.24,2019,7973786.0,1.7322483836611706,1286,1,1286,1,1286
2019-07-11,104.18,6.16,31.35,1.28,46.31,3.16,40.36,1.54,23.95,4.52,2019,7973786.0,1.7322483836611706,1287,1,1287,1,1287
2019-07-12,106.18,7.13,32.18,1.23,47.23,2.72,34.14,1.26,25.63,2.42,2019,7973786.0,1.7322483836611706,1288,1,1288,1,1288
2019-07-13,119.65,9.94,38.93,1.44,28.9,2.81,30.37,0.59,25.54,3.08,2019,7973786.0,1.7322483836611706,1289,1,1289,1,1289
2019-07-14,100.92,9.91,37.44,1.3,22.55,2.48,28.89,0.69,24.73,2.9,2019,7973786.0,1.7322483836611706,1290,1,1290,1,1290
2019-07-15,100.32,6.47,29.14,1.21,21.22,2.94,30.84,0.65,24.86,3.26,2019,7973786.0,1.7322483836611706,1291,1,1291,1,1291
2019-07-16,56.89,9.04,30.86,1.18,30.11,2.83,29.99,0.72,24.43,3.28,2019,7973786.0,1.7322483836611706,1292,1,1292,1,1292
2019-07-17,78.025,10.86,37.5525,1.285,35.69,2.98,30.01,0.59,23.89,3.66,2019,7973786.0,1.7322483836611706,1293,1,1293,1,1293
2019-07-18,99.16,12.68,44.245000000000005,1.3900000000000001,34.68,3.36,29.37,0.51,21.57,3.93,2019,7973786.0,1.7322483836611706,1294,1,1294,1,1294
2019-07-19,120.29500000000002,14.5,50.9375,1.495,24.3,3.09,28.61,0.6,22.87,3.42,2019,7973786.0,1.7322483836611706,1295,1,1295,1,1295
2019-07-20,141.43,16.32,57.63,1.6,20.89,2.63,29.67,0.68,24.3,4.22,2019,7973786.0,1.7322483836611706,1296,1,1296,1,1296
2019-07-21,110.0,17.62,55.9,1.43,22.81,2.44,29.87,0.7,24.64,5.2,2019,7973786.0,1.7322483836611706,1297,1,1297,1,1297
2019-07-22,101.3,14.0,51.25,1.49,22.27,2.54,28.29,0.7,23.42,4.77,2019,7973786.0,1.7322483836611706,1298,1,1298,1,1298
2019-07-23,82.21,12.6,45.38,1.49,28.67,2.89,29.74,0.96,23.17,4.7,2019,7973786.0,1.7322483836611706,1299,1,1299,1,1299
2019-07-24,114.67,10.15,38.61,1.51,30.47,3.59,31.67,0.83,23.78,4.12,2019,7973786.0,1.7322483836611706,1300,1,1300,1,1300
2019-07-25,99.84,7.27,33.48,1.39,26.4,3.13,30.22,0.97,24.26,3.85,2019,7973786.0,1.7322483836611706,1301,1,1301,1,1301
2019-07-26,101.1,12.27,43.87,1.49,30.69,3.02,29.16,0.83,23.28,4.25,2019,7973786.0,1.7322483836611706,1302,1,1302,1,1302
2019-07-27,116.40333333333332,11.303333333333333,41.733333333333334,1.4833333333333334,31.38,2.98,28.88,0.82,23.72,4.42,2019,7973786.0,1.7322483836611706,1303,1,1303,1,1303
2019-07-28,131.70666666666665,10.336666666666666,39.596666666666664,1.4766666666666666,31.04,2.55,27.25,0.76,24.06,4.92,2019,7973786.0,1.7322483836611706,1304,1,1304,1,1304
2019-07-29,147.01,9.37,37.46,1.47,28.02,2.77,27.32,0.8,24.02,4.49,2019,7973786.0,1.7322483836611706,1305,1,1305,1,1305
2019-07-30,111.47,8.29,32.56,1.44,27.3,2.94,30.22,0.8,23.79,4.68,2019,7973786.0,1.7322483836611706,1306,1,1306,1,1306
2019-07-31,101.32,4.36,23.09,1.04,26.65,2.99,28.48,0.73,24.43,4.34,2019,7973786.0,1.7322483836611706,1307,1,1307,1,1307
2019-08-01,123.12,6.32,30.26,1.24,60.38,6.87,61.18,0.82,25.67,4.46,2019,7973786.0,1.7322483836611706,1308,1,1308,1,1308
2019-08-02,103.64,9.58,35.17,1.38,40.2,3.79,21.05,0.86,24.27,5.3,2019,7973786.0,1.7322483836611706,1309,1,1309,1,1309
2019-08-03,156.41,14.17,52.94,1.76,78.76,3.35,29.23,0.9,23.82,5.14,2019,7973786.0,1.7322483836611706,1310,1,1310,1,1310
2019-08-04,137.54,18.21,55.53,1.32,101.44,3.32,19.08,0.86,23.43,5.24,2019,7973786.0,1.7322483836611706,1311,1,1311,1,1311
2019-08-05,86.72,8.71,35.53,1.2,59.144999999999996,3.5549999999999997,20.939999999999998,0.875,22.36,5.77,2019,7973786.0,1.7322483836611706,1312,1,1312,1,1312
2019-08-06,75.7,11.33,32.63,1.37,16.85,3.79,22.8,0.89,23.11,6.07,2019,7973786.0,1.7322483836611706,1313,1,1313,1,1313
2019-08-07,56.28,9.36,30.33,1.36,16.71,3.35,25.595,0.8500000000000001,23.68,6.96,2019,7973786.0,1.7322483836611706,1314,1,1314,1,1314
2019-08-08,38.87,2.54,11.69,0.94,16.57,2.91,28.39,0.81,23.89,7.34,2019,7973786.0,1.7322483836611706,1315,1,1315,1,1315
2019-08-09,99.52,22.93,67.86,1.77,21.61,2.7199999999999998,26.759999999999998,0.845,24.17,6.97,2019,7973786.0,1.7322483836611706,1316,1,1316,1,1316
2019-08-10,90.99,12.43,41.35,1.44,26.65,2.53,25.13,0.88,24.02,6.56,2019,7973786.0,1.7322483836611706,1317,1,1317,1,1317
2019-08-11,72.56,8.26,28.17,1.22,35.95,3.16,33.7,1.43,24.36,5.06,2019,7973786.0,1.7322483836611706,1318,1,1318,1,1318
2019-08-12,105.27,7.66,29.83,1.51,31.06,2.64,30.32,1.14,23.76,4.79,2019,7973786.0,1.7322483836611706,1319,1,1319,1,1319
2019-08-13,79.79,7.64,30.96,1.33,19.93,3.55,29.93,0.77,24.54,4.37,2019,7973786.0,1.7322483836611706,1320,1,1320,1,1320
2019-08-14,88.65,10.64,32.53,1.55,21.34,3.74,29.15,0.85,24.2,3.87,2019,7973786.0,1.7322483836611706,1321,1,1321,1,1321
2019-08-15,83.96000000000001,12.15,32.75,1.57,16.83,2.58,24.76,0.76,24.03,3.92,2019,7973786.0,1.7322483836611706,1322,1,1322,1,1322
2019-08-16,79.27,13.66,32.97,1.59,19.49,3.17,27.52,0.82,23.9,3.64,2019,7973786.0,1.7322483836611706,1323,1,1323,1,1323
2019-08-17,105.14,7.8,30.79,1.5,18.69,3.71,29.52,0.94,23.36,3.79,2019,7973786.0,1.7322483836611706,1324,1,1324,1,1324
2019-08-18,46.48,11.25,35.67,1.34,21.83,5.56,27.26,0.91,22.39,3.08,2019,7973786.0,1.7322483836611706,1325,1,1325,1,1325
2019-08-19,102.27,6.21,34.66,1.5,21.25,2.76,39.62,0.67,23.65,1.87,2019,7973786.0,1.7322483836611706,1326,1,1326,1,1326
2019-08-20,62.5,8.87,24.69,1.38,18.77,2.55,41.74,0.82,23.17,2.36,2019,7973786.0,1.7322483836611706,1327,1,1327,1,1327
2019-08-21,57.77,10.25,26.29,1.39,20.78,2.43,38.36,0.75,21.88,3.74,2019,7973786.0,1.7322483836611706,1328,1,1328,1,1328
2019-08-22,91.62,10.6,25.06,1.52,21.07,2.27,37.41,0.73,21.83,3.53,2019,7973786.0,1.7322483836611706,1329,1,1329,1,1329
2019-08-23,73.54,11.35,26.84,1.39,20.67,2.21,34.56,0.63,22.1,4.31,2019,7973786.0,1.7322483836611706,1330,1,1330,1,1330
2019-08-24,102.98,15.71,34.01,1.63,18.35,2.18,32.22,0.74,22.54,3.85,2019,7973786.0,1.7322483836611706,1331,1,1331,1,1331
2019-08-25,97.87,16.41,32.0,1.52,15.37,2.14,30.56,0.66,22.46,4.06,2019,7973786.0,1.7322483836611706,1332,1,1332,1,1332
2019-08-26,160.95,14.16,41.16,1.6,17.83,2.23,28.4,1.14,23.29,4.21,2019,7973786.0,1.7322483836611706,1333,1,1333,1,1333
2019-08-27,124.94,17.4,41.86,1.64,21.17,2.17,31.94,0.73,23.24,3.63,2019,7973786.0,1.7322483836611706,1334,1,1334,1,1334
2019-08-28,103.66,14.47,31.63,1.38,24.02,2.2,32.32,0.63,23.04,3.66,2019,7973786.0,1.7322483836611706,1335,1,1335,1,1335
2019-08-29,166.3,17.01,47.78,1.71,23.75,2.31,33.6,0.66,23.66,3.43,2019,7973786.0,1.7322483836611706,1336,1,1336,1,1336
2019-08-30,159.28,19.35,50.07,1.73,27.95,3.02,30.91,0.83,23.09,4.38,2019,7973786.0,1.7322483836611706,1337,1,1337,1,1337
2019-08-31,132.56,20.27,45.04,1.61,35.59,2.94,28.8,1.05,23.45,4.34,2019,7973786.0,1.7322483836611706,1338,1,1338,1,1338
2019-09-01,93.53,18.47,38.45,1.42,50.85,7.1,67.06,0.84,22.41,3.86,2019,7973786.0,1.7322483836611706,1339,1,1339,1,1339
2019-09-02,92.58,15.19,34.79,1.465,48.31,3.96,22.73,0.9,22.88,4.09,2019,7973786.0,1.7322483836611706,1340,1,1340,1,1340
2019-09-03,91.63,11.91,31.13,1.51,67.25,3.43,23.75,0.91,23.2,4.35,2019,7973786.0,1.7322483836611706,1341,1,1341,1,1341
2019-09-04,90.35,19.07,41.91,1.66,82.23,3.23,17.77,0.7,22.22,4.82,2019,7973786.0,1.7322483836611706,1342,1,1342,1,1342
2019-09-05,81.83,14.6,33.43,1.5,26.39,4.1,20.49,1.0,23.13,5.1,2019,7973786.0,1.7322483836611706,1343,1,1343,1,1343
2019-09-06,82.43,13.03,32.1,1.47,14.89,3.57,20.9,0.83,23.6,4.9,2019,7973786.0,1.7322483836611706,1344,1,1344,1,1344
2019-09-07,103.41,17.9,40.65,1.72,27.17,3.04,26.24,1.01,23.98,5.07,2019,7973786.0,1.7322483836611706,1345,1,1345,1,1345
2019-09-08,94.75,14.48,32.52,1.39,21.95,2.87,25.86,0.76,23.8,4.65,2019,7973786.0,1.7322483836611706,1346,1,1346,1,1346
2019-09-09,97.39,14.09,34.18,1.53,11.73,2.14,23.15,0.88,23.25,4.25,2019,7973786.0,1.7322483836611706,1347,1,1347,1,1347
2019-09-10,127.94,14.135,35.55,1.54,31.65,4.05,35.49,1.16,24.65,3.38,2019,7973786.0,1.7322483836611706,1348,1,1348,1,1348
2019-09-11,125.54,14.18,36.92,1.5,29.76,2.84,30.5,1.24,24.34,3.2,2019,7973786.0,1.7322483836611706,1349,1,1349,1,1349
2019-09-12,106.07,11.72,28.96,1.42,30.58,2.87,32.29,1.2,23.02,3.18,2019,7973786.0,1.7322483836611706,1350,1,1350,1,1350
2019-09-13,101.04,11.95,34.01,1.36,31.784999999999997,2.9575,30.947499999999998,1.2625,23.25,2.82,2019,7973786.0,1.7322483836611706,1351,1,1351,1,1351
2019-09-14,108.59,12.36,44.37,1.47,32.989999999999995,3.045,29.605,1.325,23.87,2.61,2019,7973786.0,1.7322483836611706,1352,1,1352,1,1352
2019-09-15,76.78,13.48,44.9,1.22,34.195,3.1325000000000003,28.262500000000003,1.3875,23.96,2.48,2019,7973786.0,1.7322483836611706,1353,1,1353,1,1353
2019-09-16,71.54,13.79,44.35,1.37,35.4,3.22,26.92,1.45,23.65,3.52,2019,7973786.0,1.7322483836611706,1354,1,1354,1,1354
2019-09-17,56.71,10.81,36.63,1.39,17.12,3.96,31.18,1.33,22.65,2.68,2019,7973786.0,1.7322483836611706,1355,1,1355,1,1355
2019-09-18,96.0,11.33,37.71,1.51,19.07,3.03,29.81,1.15,22.83,2.67,2019,7973786.0,1.7322483836611706,1356,1,1356,1,1356
2019-09-19,116.78,13.36,43.38,1.55,20.61,3.3,28.57,1.21,22.15,2.42,2019,7973786.0,1.7322483836611706,1357,1,1357,1,1357
2019-09-20,104.58,11.57,38.45,1.59,16.52,3.02,29.83,1.04,23.15,1.89,2019,7973786.0,1.7322483836611706,1358,1,1358,1,1358
2019-09-21,134.12,13.88,46.09,1.56,29.22,3.01,31.28,1.43,24.73,1.42,2019,7973786.0,1.7322483836611706,1359,1,1359,1,1359
2019-09-22,91.11,18.25,56.55,1.54,16.62,5.7,30.72,1.31,22.44,1.43,2019,7973786.0,1.7322483836611706,1360,1,1360,1,1360
2019-09-23,76.27,19.98,69.04,1.48,22.24,7.47,32.51,1.41,23.09,1.66,2019,7973786.0,1.7322483836611706,1361,1,1361,1,1361
2019-09-24,57.46,11.88,49.01,1.63,22.58,3.6,30.5,1.56,21.82,1.73,2019,7973786.0,1.7322483836611706,1362,1,1362,1,1362
2019-09-25,55.97,19.5,81.72,1.0,13.84,2.88,29.01,1.15,22.41,2.46,2019,7973786.0,1.7322483836611706,1363,1,1363,1,1363
2019-09-26,127.54,14.3,60.81,1.93,16.59,2.99,29.71,1.33,22.35,3.41,2019,7973786.0,1.7322483836611706,1364,1,1364,1,1364
2019-09-27,137.17,16.29,70.33,1.97,20.88,3.87,32.51,1.38,22.82,1.38,2019,7973786.0,1.7322483836611706,1365,1,1365,1,1365
2019-09-28,160.0,15.39,71.34,1.7,20.89,2.98,30.65,1.24,22.96,1.87,2019,7973786.0,1.7322483836611706,1366,1,1366,1,1366
2019-09-29,172.56,14.09,65.77,1.69,24.0,2.9,31.92,1.29,22.73,2.16,2019,7973786.0,1.7322483836611706,1367,1,1367,1,1367
2019-09-30,153.04500000000002,9.27,45.17,1.63,21.17,2.97,31.84,1.41,21.79,2.12,2019,7973786.0,1.7322483836611706,1368,1,1368,1,1368
2019-10-01,133.53,4.45,24.57,1.57,67.82,7.37,69.47,0.95,23.19,1.17,2019,7973786.0,1.7322483836611706,1369,1,1369,1,1369
2019-10-02,136.925,11.235,57.505,1.715,34.23,3.67,18.43,0.78,23.68,1.09,2019,7973786.0,1.7322483836611706,1370,1,1370,1,1370
2019-10-03,140.32,18.02,90.44,1.86,46.13,3.31,18.93,0.76,23.66,1.17,2019,7973786.0,1.7322483836611706,1371,1,1371,1,1371
2019-10-04,94.75,12.38,71.94,1.49,68.28,3.3,19.55,0.87,23.31,1.03,2019,7973786.0,1.7322483836611706,1372,1,1372,1,1372
2019-10-05,126.52,9.69,63.75,1.82,41.3,3.48,22.38,0.85,22.51,1.27,2019,7973786.0,1.7322483836611706,1373,1,1373,1,1373
2019-10-06,106.3,6.17,39.97,1.43,12.17,3.48,21.66,0.83,22.68,1.42,2019,7973786.0,1.7322483836611706,1374,1,1374,1,1374
2019-10-07,113.8275,10.3175,40.8775,1.64,24.38,2.74,30.28,0.83,22.86,0.95,2019,7973786.0,1.7322483836611706,1375,1,1375,1,1375
2019-10-08,121.35499999999999,14.465000000000002,41.785,1.85,19.44,3.13,29.33,0.71,23.64,0.71,2019,7973786.0,1.7322483836611706,1376,1,1376,1,1376
2019-10-09,128.8825,18.612500000000004,42.6925,2.06,25.67,5.69,31.33,0.93,23.14,0.64,2019,7973786.0,1.7322483836611706,1377,1,1377,1,1377
2019-10-10,136.41,22.76,43.6,2.27,188.81,6.43,40.67,1.27,23.0,1.08,2019,7973786.0,1.7322483836611706,1378,1,1378,1,1378
2019-10-11,129.18583333333333,23.434,44.012,2.136,33.37,2.92,26.46,1.25,23.05,1.5,2019,7973786.0,1.7322483836611706,1379,1,1379,1,1379
2019-10-12,121.96166666666666,24.108,44.424,2.0020000000000002,27.63,2.57,31.47,1.03,23.29,1.89,2019,7973786.0,1.7322483836611706,1380,1,1380,1,1380
2019-10-13,114.7375,24.782,44.836,1.868,18.93,3.35,27.46,0.49,23.48,1.74,2019,7973786.0,1.7322483836611706,1381,1,1381,1,1381
2019-10-14,107.51333333333334,25.456,45.248,1.734,19.56,8.59,36.36,0.76,23.5,1.81,2019,7973786.0,1.7322483836611706,1382,1,1382,1,1382
2019-10-15,100.28916666666666,26.13,45.66,1.6,20.83,5.37,28.64,0.69,22.96,2.07,2019,7973786.0,1.7322483836611706,1383,1,1383,1,1383
2019-10-16,93.065,22.885714285714286,41.231428571428566,1.5985714285714288,18.37,3.23,25.0,0.85,22.43,2.3,2019,7973786.0,1.7322483836611706,1384,1,1384,1,1384
2019-10-17,85.84083333333334,19.64142857142857,36.80285714285714,1.5971428571428572,16.37,4.73,28.56,1.06,22.23,2.07,2019,7973786.0,1.7322483836611706,1385,1,1385,1,1385
2019-10-18,78.61666666666667,16.397142857142853,32.37428571428571,1.5957142857142859,17.99,3.2,26.73,1.09,22.43,2.39,2019,7973786.0,1.7322483836611706,1386,1,1386,1,1386
2019-10-19,71.3925,13.152857142857142,27.945714285714285,1.5942857142857143,15.09,3.17,25.7,0.75,22.53,2.36,2019,7973786.0,1.7322483836611706,1387,1,1387,1,1387
2019-10-20,64.16833333333334,9.908571428571427,23.517142857142854,1.592857142857143,17.62,2.98,26.04,0.91,22.25,2.27,2019,7973786.0,1.7322483836611706,1388,1,1388,1,1388
2019-10-21,56.94416666666666,6.664285714285711,19.088571428571427,1.5914285714285714,39.99,4.33,28.96,1.1,21.85,1.57,2019,7973786.0,1.7322483836611706,1389,1,1389,1,1389
2019-10-22,49.72,3.42,14.66,1.59,17.36,3.13,24.41,0.89,22.47,1.64,2019,7973786.0,1.7322483836611706,1390,1,1390,1,1390
2019-10-23,53.68,3.46,13.07,1.54,14.28,3.1,27.39,0.95,21.9,2.45,2019,7973786.0,1.7322483836611706,1391,1,1391,1,1391
2019-10-24,101.38,5.29,19.31,1.61,13.79,2.95,25.4,0.49,21.56,3.1,2019,7973786.0,1.7322483836611706,1392,1,1392,1,1392
2019-10-25,84.73,7.3,25.67,1.53,16.51,2.89,28.9,0.7,21.62,2.72,2019,7973786.0,1.7322483836611706,1393,1,1393,1,1393
2019-10-26,86.75,7.03,27.02,1.66,15.91,2.87,26.71,0.82,22.03,2.17,2019,7973786.0,1.7322483836611706,1394,1,1394,1,1394
2019-10-27,98.79,7.43,31.67,1.72,22.81,3.58,26.36,1.26,22.13,1.06,2019,7973786.0,1.7322483836611706,1395,1,1395,1,1395
2019-10-28,104.03,9.33,38.16,1.75,27.19,3.62,22.55,1.32,22.14,2.22,2019,7973786.0,1.7322483836611706,1396,1,1396,1,1396
2019-10-29,102.29,7.2,29.02,1.73,23.23,2.86,19.37,1.28,20.13,2.73,2019,7973786.0,1.7322483836611706,1397,1,1397,1,1397
2019-10-30,48.08,19.68,78.4,1.83,18.05,3.23,20.7,1.34,21.51,3.09,2019,7973786.0,1.7322483836611706,1398,1,1398,1,1398
2019-10-31,85.89,14.74,65.1,1.81,16.96,3.34,23.3,1.17,21.83,3.4,2019,7973786.0,1.7322483836611706,1399,1,1399,1,1399
2019-11-01,140.15,8.58,53.13,1.7,67.05,7.58,74.25,0.92,22.09,1.53,2019,7973786.0,1.7322483836611706,1400,1,1400,1,1400
2019-11-02,126.53,11.79,51.06,1.85,30.52,3.67,17.94,0.69,22.38,1.73,2019,7973786.0,1.7322483836611706,1401,1,1401,1,1401
2019-11-03,207.66500000000002,10.3,48.07,2.2199999999999998,47.16,3.34,19.75,0.72,22.07,1.58,2019,7973786.0,1.7322483836611706,1402,1,1402,1,1402
2019-11-04,288.8,8.81,45.08,2.59,66.15,3.42,19.52,0.85,21.91,1.42,2019,7973786.0,1.7322483836611706,1403,1,1403,1,1403
2019-11-05,235.4,4.05,26.49,1.92,43.64,3.36,17.17,0.92,22.56,1.34,2019,7973786.0,1.7322483836611706,1404,1,1404,1,1404
2019-11-06,193.04,22.42,53.86,1.81,27.62,4.1,33.18,0.87,23.0,1.1,2019,7973786.0,1.7322483836611706,1405,1,1405,1,1405
2019-11-07,151.08,39.83,87.01,1.99,27.22,2.81,31.82,0.79,22.68,0.82,2019,7973786.0,1.7322483836611706,1406,1,1406,1,1406
2019-11-08,114.34,33.01,69.05,1.74,15.99,2.54,26.66,0.74,22.64,1.1,2019,7973786.0,1.7322483836611706,1407,1,1407,1,1407
2019-11-09,115.79,32.46,72.0,1.49,24.225,5.430000000000001,34.875,0.0,22.58,1.42,2019,7973786.0,1.7322483836611706,1408,1,1408,1,1408
2019-11-10,132.12,28.165,79.625,1.7149999999999999,32.46,8.32,43.09,1.15,22.72,1.35,2019,7973786.0,1.7322483836611706,1409,1,1409,1,1409
2019-11-11,148.45,23.87,87.25,1.94,40.1,3.12,31.38,1.33,21.5,1.66,2019,7973786.0,1.7322483836611706,1410,1,1410,1,1410
2019-11-12,95.48,13.81,67.59,1.87,33.11,3.19,38.32,1.16,21.45,2.09,2019,7973786.0,1.7322483836611706,1411,1,1411,1,1411
2019-11-13,135.28,8.46,43.75,1.88,28.65,2.65,31.36,1.11,21.13,2.39,2019,7973786.0,1.7322483836611706,1412,1,1412,1,1412
2019-11-14,96.63,17.14,68.53,1.85,23.16,2.75,31.25,1.07,21.85,2.38,2019,7973786.0,1.7322483836611706,1413,1,1413,1,1413
2019-11-15,77.61,18.01,61.15,1.85,22.15,4.21,32.03,1.28,22.33,1.95,2019,7973786.0,1.7322483836611706,1414,1,1414,1,1414
2019-11-16,75.14,17.08,64.75,1.87,22.13,3.2,28.92,1.29,22.46,2.38,2019,7973786.0,1.7322483836611706,1415,1,1415,1,1415
2019-11-17,68.16,18.59,78.5,1.56,24.01,2.71,25.09,0.99,21.26,1.97,2019,7973786.0,1.7322483836611706,1416,1,1416,1,1416
2019-11-18,65.85,19.11,74.93,1.83,26.5,3.18,28.08,1.27,22.32,2.58,2019,7973786.0,1.7322483836611706,1417,1,1417,1,1417
2019-11-19,51.11,15.21,61.89,1.63,23.31,3.29,27.81,1.17,22.74,1.46,2019,7973786.0,1.7322483836611706,1418,1,1418,1,1418
2019-11-20,45.48,13.73,56.25,1.7,22.05,3.43,26.39,1.18,22.3,2.09,2019,7973786.0,1.7322483836611706,1419,1,1419,1,1419
2019-11-21,76.1,19.87,81.11,2.03,33.42,4.21,31.05,1.29,22.29,2.68,2019,7973786.0,1.7322483836611706,1420,1,1420,1,1420
2019-11-22,81.81,19.84,84.63,1.85,31.99,3.11,27.21,1.14,20.59,2.84,2019,7973786.0,1.7322483836611706,1421,1,1421,1,1421
2019-11-23,62.46,20.14,87.82,1.6,24.85,2.85,31.47,1.11,19.88,2.66,2019,7973786.0,1.7322483836611706,1422,1,1422,1,1422
2019-11-24,73.64,20.035,89.735,1.815,11.93,2.63,28.89,1.16,20.6,2.61,2019,7973786.0,1.7322483836611706,1423,1,1423,1,1423
2019-11-25,84.82,19.93,91.65,2.03,11.95,2.72,30.19,1.17,20.91,2.92,2019,7973786.0,1.7322483836611706,1424,1,1424,1,1424
2019-11-26,67.65,15.6,76.07,1.76,12.04,2.8,29.92,1.06,20.44,3.11,2019,7973786.0,1.7322483836611706,1425,1,1425,1,1425
2019-11-27,58.31,21.49,87.98,1.82,21.31,3.42,32.55,1.23,21.38,3.02,2019,7973786.0,1.7322483836611706,1426,1,1426,1,1426
2019-11-28,57.63,20.98,65.85,1.77,20.97,3.04,35.43,1.19,21.97,3.38,2019,7973786.0,1.7322483836611706,1427,1,1427,1,1427
2019-11-29,73.72,22.18,40.5,1.79,25.14,3.0,33.15,1.1,22.12,3.01,2019,7973786.0,1.7322483836611706,1428,1,1428,1,1428
2019-11-30,66.14,21.28,35.87,1.92,29.21,3.36,30.12,1.12,22.27,3.29,2019,7973786.0,1.7322483836611706,1429,1,1429,1,1429
2019-12-01,41.09,19.295,32.19,1.78,70.59,7.29,72.49,0.84,22.16,3.41,2019,7973786.0,1.7322483836611706,1430,1,1430,1,1430
2019-12-02,50.55,17.31,28.51,1.75,36.29,3.74,20.56,0.75,21.21,2.81,2019,7973786.0,1.7322483836611706,1431,1,1431,1,1431
2019-12-03,73.29,37.36,65.16,1.64,63.17,3.31,20.92,0.77,20.92,3.18,2019,7973786.0,1.7322483836611706,1432,1,1432,1,1432
2019-12-04,80.91,14.9,34.32,1.72,61.0,3.33,19.56,0.78,21.1,3.55,2019,7973786.0,1.7322483836611706,1433,1,1433,1,1433
2019-12-05,109.45,12.77,36.620000000000005,1.79,28.39,3.31,14.42,0.76,20.49,3.41,2019,7973786.0,1.7322483836611706,1434,1,1434,1,1434
2019-12-06,137.99,10.64,38.92,1.86,24.87,3.79,37.2,0.73,19.91,3.17,2019,7973786.0,1.7322483836611706,1435,1,1435,1,1435
2019-12-07,90.41,10.38,40.1,1.79,33.07,2.91,32.21,0.73,20.81,2.98,2019,7973786.0,1.7322483836611706,1436,1,1436,1,1436
2019-12-08,82.89,8.58,34.31,1.77,22.21,3.62,30.03,0.82,21.47,2.91,2019,7973786.0,1.7322483836611706,1437,1,1437,1,1437
2019-12-09,95.04,8.09,32.95,1.88,24.735,4.145,31.705000000000002,0.815,20.85,2.92,2019,7973786.0,1.7322483836611706,1438,1,1438,1,1438
2019-12-10,94.96,7.88,33.88,1.75,27.26,4.67,33.38,0.81,20.8,2.46,2019,7973786.0,1.7322483836611706,1439,1,1439,1,1439
2019-12-11,111.44,4.66,25.67,0.53,26.04,2.77,29.8,1.15,21.24,2.02,2019,7973786.0,1.7322483836611706,1440,1,1440,1,1440
2019-12-12,132.21,6.8,31.43,2.04,32.44,2.41,35.37,1.13,21.39,1.77,2019,7973786.0,1.7322483836611706,1441,1,1441,1,1441
2019-12-13,103.69,6.44,26.42,1.91,37.28,2.53,33.91,1.12,22.17,2.21,2019,7973786.0,1.7322483836611706,1442,1,1442,1,1442
2019-12-14,84.3,8.05,29.1,1.8,30.59,2.57,29.77,1.1,21.67,2.7,2019,7973786.0,1.7322483836611706,1443,1,1443,1,1443
2019-12-15,91.11333333333333,9.603333333333333,35.910000000000004,1.84,25.04,2.43,28.62,0.98,21.46,2.75,2019,7973786.0,1.7322483836611706,1444,1,1444,1,1444
2019-12-16,97.92666666666666,11.156666666666668,42.72,1.88,30.11,3.13,31.36,1.07,21.58,2.63,2019,7973786.0,1.7322483836611706,1445,1,1445,1,1445
2019-12-17,104.74,12.71,49.53,1.92,30.34,2.73,30.95,0.97,21.11,3.26,2019,7973786.0,1.7322483836611706,1446,1,1446,1,1446
2019-12-18,100.5,11.79,45.52,1.8,45.78,3.1,33.28,1.16,21.3,3.12,2019,7973786.0,1.7322483836611706,1447,1,1447,1,1447
2019-12-19,102.17,14.23,49.73,1.79,38.29,3.08,32.59,1.21,21.26,3.21,2019,7973786.0,1.7322483836611706,1448,1,1448,1,1448
2019-12-20,111.33,16.54,55.85,1.87,45.35,3.23,37.24,1.2,20.97,2.54,2019,7973786.0,1.7322483836611706,1449,1,1449,1,1449
2019-12-21,103.48,11.42,46.21,1.79,49.85,2.5,31.53,1.18,21.14,2.3,2019,7973786.0,1.7322483836611706,1450,1,1450,1,1450
2019-12-22,108.87,11.79,47.15,1.77,47.31,2.36,28.95,0.98,22.05,2.29,2019,7973786.0,1.7322483836611706,1451,1,1451,1,1451
2019-12-23,118.41,13.07,51.63,1.78,49.37,2.87,33.48,1.12,21.52,2.21,2019,7973786.0,1.7322483836611706,1452,1,1452,1,1452
2019-12-24,104.57,14.39,52.01,1.84,41.83,2.69,33.08,1.2,21.87,2.23,2019,7973786.0,1.7322483836611706,1453,1,1453,1,1453
2019-12-25,99.52,13.66,49.91,1.75,39.51,2.74,31.27,1.3,22.78,2.37,2019,7973786.0,1.7322483836611706,1454,1,1454,1,1454
2019-12-26,103.91,10.91,46.72,1.74,47.15,2.92,31.89,1.26,23.64,1.66,2019,7973786.0,1.7322483836611706,1455,1,1455,1,1455
2019-12-27,106.63,12.5,50.16,1.75,46.45,2.97,32.76,1.16,22.82,2.19,2019,7973786.0,1.7322483836611706,1456,1,1456,1,1456
2019-12-28,93.53,12.17,47.98,1.8,41.57,2.56,30.1,0.96,22.07,2.5,2019,7973786.0,1.7322483836611706,1457,1,1457,1,1457
2019-12-29,98.73,11.48,48.0,1.77,38.95,2.33,29.3,0.99,22.21,2.6,2019,7973786.0,1.7322483836611706,1458,1,1458,1,1458
2019-12-30,98.29,11.7,48.39,1.87,41.95,2.34,31.99,1.16,22.15,2.32,2019,7973786.0,1.7322483836611706,1459,1,1459,1,1459
2019-12-31,104.36,8.91,41.19,1.87,50.12,2.69,34.06,1.27,22.7,2.46,2019,7973786.0,1.7322483836611706,1460,1,1460,1,1460
